freq_ghz,phi_deg,linear_pol_deg,strategy,baseline,valid_percent,pdoa_span_deg,pdoa_start_deg,pdoa_end_deg,monotonic_segment_percent,min_pair_mag_rel_db,rms_bias_vs_pol0_deg,mean_abs_bias_vs_pol0_deg,max_abs_bias_vs_pol0_deg
7.738000,45.000000,0.000000,calibrated_2x2_vector_correlation,E1-E3,100.000000,360.000000,-58.145165,301.854835,73.611111,-2.802855,0.000000,0.000000,0.000000
7.738000,45.000000,45.000000,calibrated_2x2_vector_correlation,E1-E3,100.000000,260.243424,-45.545732,-45.545732,51.388889,-3.226759,70.360195,53.235183,178.314330
7.738000,45.000000,90.000000,calibrated_2x2_vector_correlation,E1-E3,100.000000,263.147134,-39.076192,-39.076192,58.333333,-3.279606,97.302278,76.696350,173.619879
7.738000,45.000000,135.000000,calibrated_2x2_vector_correlation,E1-E3,100.000000,453.338324,-52.202567,-52.202567,70.833333,-2.488877,44.735378,31.140385,165.129436
7.738000,45.000000,0.000000,calibrated_2x2_vector_correlation,E2-E4,100.000000,368.091853,-132.512124,-132.512124,72.222222,-2.358980,0.000000,0.000000,0.000000
7.738000,45.000000,45.000000,calibrated_2x2_vector_correlation,E2-E4,100.000000,453.736954,-140.046268,-140.046268,69.444444,-2.332082,46.377736,31.227358,176.248108
7.738000,45.000000,90.000000,calibrated_2x2_vector_correlation,E2-E4,100.000000,262.516625,-137.208150,-137.208150,56.944444,-2.867389,92.636529,68.335687,178.622868
7.738000,45.000000,135.000000,calibrated_2x2_vector_correlation,E2-E4,100.000000,259.273276,-129.974806,-129.974806,50.000000,-2.801239,68.640974,50.757349,168.099605
7.738000,45.000000,0.000000,calibrated_2x2_vector_correlation,E1-E2,100.000000,178.544018,35.222012,35.222012,65.277778,-2.214871,0.000000,0.000000,0.000000
7.738000,45.000000,45.000000,calibrated_2x2_vector_correlation,E1-E2,100.000000,435.395020,26.349732,-333.650268,69.444444,-2.407680,49.246066,31.808148,178.402304
7.738000,45.000000,90.000000,calibrated_2x2_vector_correlation,E1-E2,100.000000,169.127792,45.481413,45.481413,54.166667,-2.050170,86.250209,56.898199,179.511988
7.738000,45.000000,135.000000,calibrated_2x2_vector_correlation,E1-E2,100.000000,300.252448,53.998481,53.998481,59.722222,-2.488877,52.724684,34.220946,162.554217
7.738000,45.000000,0.000000,calibrated_2x2_vector_correlation,E2-E3,100.000000,360.000000,-92.335537,267.664463,81.944444,-2.740103,0.000000,0.000000,0.000000
7.738000,45.000000,45.000000,calibrated_2x2_vector_correlation,E2-E3,100.000000,308.833964,-71.871646,-71.871646,58.333333,-2.823213,48.707327,31.751745,167.693806
7.738000,45.000000,90.000000,calibrated_2x2_vector_correlation,E2-E3,100.000000,360.000000,-81.416734,278.583266,76.388889,-2.869256,44.940386,33.479333,112.642860
7.738000,45.000000,135.000000,calibrated_2x2_vector_correlation,E2-E3,100.000000,323.993438,-103.307075,-103.307075,59.722222,-2.179863,53.390405,35.968021,177.783244
7.738000,45.000000,0.000000,calibrated_2x2_vector_correlation,E3-E4,100.000000,167.056112,-38.813927,-38.813927,51.388889,-2.812746,0.000000,0.000000,0.000000
7.738000,45.000000,45.000000,calibrated_2x2_vector_correlation,E3-E4,100.000000,318.936397,-67.595190,-67.595190,62.500000,-2.823213,48.535767,37.411640,148.750377
7.738000,45.000000,90.000000,calibrated_2x2_vector_correlation,E3-E4,100.000000,165.746785,-56.281390,-56.281390,54.166667,-2.389100,81.326952,55.930668,177.265731
7.738000,45.000000,135.000000,calibrated_2x2_vector_correlation,E3-E4,100.000000,432.733872,-25.299032,-385.299032,76.388889,-2.685588,42.578067,28.266085,147.353296
7.738000,45.000000,0.000000,calibrated_2x2_vector_correlation,E4-E1,100.000000,360.000000,94.957361,-265.042639,80.555556,-2.875498,0.000000,0.000000,0.000000
7.738000,45.000000,45.000000,calibrated_2x2_vector_correlation,E4-E1,100.000000,325.891256,111.971985,111.971985,63.888889,-2.943103,53.229897,34.749334,178.241037
7.738000,45.000000,90.000000,calibrated_2x2_vector_correlation,E4-E1,100.000000,360.000000,88.541374,-271.458626,76.388889,-3.277738,38.293507,28.571360,89.119871
7.738000,45.000000,135.000000,calibrated_2x2_vector_correlation,E4-E1,100.000000,315.762035,75.094973,75.094973,61.111111,-2.972663,49.878042,31.836227,177.345330
7.738000,60.000000,0.000000,calibrated_2x2_vector_correlation,E1-E3,100.000000,341.020273,-54.988105,-54.988105,79.166667,-2.233471,0.000000,0.000000,0.000000
7.738000,60.000000,45.000000,calibrated_2x2_vector_correlation,E1-E3,100.000000,289.081709,-41.480742,-41.480742,54.166667,-3.188076,65.924054,49.585364,171.466262
7.738000,60.000000,90.000000,calibrated_2x2_vector_correlation,E1-E3,100.000000,179.760369,-41.667164,-41.667164,50.000000,-3.343877,93.678562,73.496389,177.934734
7.738000,60.000000,135.000000,calibrated_2x2_vector_correlation,E1-E3,100.000000,360.000000,-56.824739,303.175261,76.388889,-2.224227,45.852725,30.518632,153.119348
7.738000,60.000000,0.000000,calibrated_2x2_vector_correlation,E2-E4,100.000000,720.000000,-135.270221,584.729779,80.555556,-2.616613,0.000000,0.000000,0.000000
7.738000,60.000000,45.000000,calibrated_2x2_vector_correlation,E2-E4,100.000000,500.938371,-140.622912,-140.622912,73.611111,-2.231382,38.808510,22.124852,163.871809
7.738000,60.000000,90.000000,calibrated_2x2_vector_correlation,E2-E4,100.000000,384.861918,-134.296640,225.703360,80.555556,-2.268915,71.583124,45.613656,168.343216
7.738000,60.000000,135.000000,calibrated_2x2_vector_correlation,E2-E4,100.000000,384.640876,-129.550414,-129.550414,58.333333,-2.853838,55.667057,38.433761,164.273422
7.738000,60.000000,0.000000,calibrated_2x2_vector_correlation,E1-E2,100.000000,360.000000,28.818608,-331.181392,80.555556,-2.064750,0.000000,0.000000,0.000000
7.738000,60.000000,45.000000,calibrated_2x2_vector_correlation,E1-E2,100.000000,366.789302,30.802305,-329.197695,91.666667,-2.453977,44.404582,26.002213,160.025130
7.738000,60.000000,90.000000,calibrated_2x2_vector_correlation,E1-E2,100.000000,360.000000,51.529136,-308.470864,77.777778,-2.486026,72.734039,50.426180,165.035730
7.738000,60.000000,135.000000,calibrated_2x2_vector_correlation,E1-E2,100.000000,290.041704,49.894552,49.894552,62.500000,-2.224227,49.000836,31.343208,178.992155
7.738000,60.000000,0.000000,calibrated_2x2_vector_correlation,E2-E3,100.000000,360.000000,-83.289094,276.710906,88.888889,-1.982997,0.000000,0.000000,0.000000
7.738000,60.000000,45.000000,calibrated_2x2_vector_correlation,E2-E3,100.000000,319.684815,-71.570505,-71.570505,65.277778,-2.713777,54.489431,34.719276,166.987069
7.738000,60.000000,90.000000,calibrated_2x2_vector_correlation,E2-E3,100.000000,360.000000,-89.880157,270.119843,72.222222,-2.918062,40.267190,29.708648,98.726676
7.738000,60.000000,135.000000,calibrated_2x2_vector_correlation,E2-E3,100.000000,351.788175,-104.145389,-104.145389,69.444444,-2.107190,48.179010,31.053784,179.214299
7.738000,60.000000,0.000000,calibrated_2x2_vector_correlation,E3-E4,100.000000,240.512897,-50.706568,-50.706568,70.833333,-2.866400,0.000000,0.000000,0.000000
7.738000,60.000000,45.000000,calibrated_2x2_vector_correlation,E3-E4,100.000000,400.519318,-69.074250,-69.074250,84.722222,-2.713777,49.846669,34.971072,172.952510
7.738000,60.000000,90.000000,calibrated_2x2_vector_correlation,E3-E4,100.000000,360.000000,-43.829030,316.170970,87.500000,-2.918062,67.900115,43.338406,177.361183
7.738000,60.000000,135.000000,calibrated_2x2_vector_correlation,E3-E4,100.000000,234.302003,-24.339890,-24.339890,59.722222,-2.805616,33.234898,24.149334,121.263285
7.738000,60.000000,0.000000,calibrated_2x2_vector_correlation,E4-E1,100.000000,360.000000,104.441236,-255.558764,76.388889,-2.697679,0.000000,0.000000,0.000000
7.738000,60.000000,45.000000,calibrated_2x2_vector_correlation,E4-E1,100.000000,316.953151,107.575834,107.575834,63.888889,-2.988620,47.095083,30.144910,156.680376
7.738000,60.000000,90.000000,calibrated_2x2_vector_correlation,E4-E1,100.000000,360.000000,80.264683,-279.735317,80.555556,-2.868190,42.750523,32.275411,117.485664
7.738000,60.000000,135.000000,calibrated_2x2_vector_correlation,E4-E1,100.000000,338.948399,78.438911,78.438911,62.500000,-2.864207,53.326905,32.929288,170.008018
7.738000,75.000000,0.000000,calibrated_2x2_vector_correlation,E1-E3,100.000000,338.673414,-50.410468,-50.410468,86.111111,-2.123280,0.000000,0.000000,0.000000
7.738000,75.000000,45.000000,calibrated_2x2_vector_correlation,E1-E3,100.000000,781.195943,-39.109855,-759.109855,61.111111,-3.221806,53.715416,37.665256,176.757796
7.738000,75.000000,90.000000,calibrated_2x2_vector_correlation,E1-E3,100.000000,235.105159,-46.499275,-46.499275,52.777778,-3.307104,80.304909,58.294749,173.614011
7.738000,75.000000,135.000000,calibrated_2x2_vector_correlation,E1-E3,100.000000,360.000000,-58.923655,301.076345,84.722222,-2.302764,44.810734,31.345655,151.617175
7.738000,75.000000,0.000000,calibrated_2x2_vector_correlation,E2-E4,100.000000,720.000000,-138.047572,581.952428,76.388889,-2.541646,0.000000,0.000000,0.000000
7.738000,75.000000,45.000000,calibrated_2x2_vector_correlation,E2-E4,100.000000,720.000000,-139.565423,580.434577,79.166667,-2.706081,29.487793,18.547340,115.041262
7.738000,75.000000,90.000000,calibrated_2x2_vector_correlation,E2-E4,100.000000,475.805669,-131.670552,-131.670552,59.722222,-2.614901,72.544505,49.194705,179.229102
7.738000,75.000000,135.000000,calibrated_2x2_vector_correlation,E2-E4,100.000000,720.000000,-130.458366,589.541634,73.611111,-2.592764,26.322960,19.789829,75.328282
7.738000,75.000000,0.000000,calibrated_2x2_vector_correlation,E1-E2,100.000000,360.000000,25.620262,-334.379738,79.166667,-1.880091,0.000000,0.000000,0.000000
7.738000,75.000000,45.000000,calibrated_2x2_vector_correlation,E1-E2,100.000000,360.000000,37.850272,-322.149728,90.277778,-2.291942,37.143402,20.544827,160.310571
7.738000,75.000000,90.000000,calibrated_2x2_vector_correlation,E1-E2,100.000000,360.000000,54.559580,-305.440420,73.611111,-2.697126,65.455093,43.324614,160.029591
7.738000,75.000000,135.000000,calibrated_2x2_vector_correlation,E1-E2,100.000000,360.000000,43.034324,-316.965676,76.388889,-2.105616,40.133229,26.069054,118.829518
7.738000,75.000000,0.000000,calibrated_2x2_vector_correlation,E2-E3,100.000000,720.000000,-75.914241,644.085759,93.055556,-2.045900,0.000000,0.000000,0.000000
7.738000,75.000000,45.000000,calibrated_2x2_vector_correlation,E2-E3,100.000000,330.451690,-74.901961,-74.901961,66.666667,-2.768674,47.913441,30.254530,176.362304
7.738000,75.000000,90.000000,calibrated_2x2_vector_correlation,E2-E3,100.000000,360.000000,-98.013235,261.986765,66.666667,-3.027870,47.726061,32.383893,159.083342
7.738000,75.000000,135.000000,calibrated_2x2_vector_correlation,E2-E3,100.000000,401.035427,-100.144197,259.855803,75.000000,-2.261343,41.942371,26.660068,134.533014
7.738000,75.000000,0.000000,calibrated_2x2_vector_correlation,E3-E4,100.000000,278.951503,-61.165052,-61.165052,69.444444,-2.683736,0.000000,0.000000,0.000000
7.738000,75.000000,45.000000,calibrated_2x2_vector_correlation,E3-E4,100.000000,525.201567,-65.288622,294.711378,90.277778,-2.652341,44.039125,25.993221,155.525434
7.738000,75.000000,90.000000,calibrated_2x2_vector_correlation,E3-E4,100.000000,360.000000,-32.216584,327.783416,86.111111,-3.027870,65.486115,41.928154,166.981089
7.738000,75.000000,135.000000,calibrated_2x2_vector_correlation,E3-E4,100.000000,267.432190,-29.172660,-29.172660,68.055556,-2.931186,34.817284,22.939678,157.135459
7.738000,75.000000,0.000000,calibrated_2x2_vector_correlation,E4-E1,100.000000,360.000000,110.775421,-249.224579,79.166667,-2.761116,0.000000,0.000000,0.000000
7.738000,75.000000,45.000000,calibrated_2x2_vector_correlation,E4-E1,100.000000,309.377644,98.762599,98.762599,75.000000,-3.159213,37.047632,21.734699,176.084044
7.738000,75.000000,90.000000,calibrated_2x2_vector_correlation,E4-E1,100.000000,360.000000,75.674442,-284.325558,68.055556,-3.005226,37.948077,27.380860,126.931790
7.738000,75.000000,135.000000,calibrated_2x2_vector_correlation,E4-E1,100.000000,371.073451,85.431267,-274.568733,70.833333,-2.734038,55.979309,31.993465,179.520627
7.738000,90.000000,0.000000,calibrated_2x2_vector_correlation,E1-E3,100.000000,348.661726,-45.545732,-45.545732,56.944444,-2.412310,0.000000,0.000000,0.000000
7.738000,90.000000,45.000000,calibrated_2x2_vector_correlation,E1-E3,100.000000,525.578038,-39.076192,-399.076192,81.944444,-3.117504,30.608076,19.691220,139.954008
7.738000,90.000000,90.000000,calibrated_2x2_vector_correlation,E1-E3,100.000000,179.356743,-52.202567,-52.202567,51.388889,-3.151349,56.139571,33.392382,178.361736
7.738000,90.000000,135.000000,calibrated_2x2_vector_correlation,E1-E3,100.000000,184.933212,-58.145165,-58.145165,66.666667,-1.988483,44.183766,30.514126,171.492581
7.738000,90.000000,0.000000,calibrated_2x2_vector_correlation,E2-E4,100.000000,720.000000,-140.046268,579.953732,76.388889,-2.603737,0.000000,0.000000,0.000000
7.738000,90.000000,45.000000,calibrated_2x2_vector_correlation,E2-E4,100.000000,720.000000,-137.208150,582.791850,79.166667,-2.799350,24.237248,16.908793,66.671476
7.738000,90.000000,90.000000,calibrated_2x2_vector_correlation,E2-E4,100.000000,493.391314,-129.974806,-129.974806,56.944444,-1.128838,68.406885,47.413698,178.434103
7.738000,90.000000,135.000000,calibrated_2x2_vector_correlation,E2-E4,100.000000,720.000000,-132.512124,587.487876,79.166667,-2.118067,21.710256,14.839167,73.546028
7.738000,90.000000,0.000000,calibrated_2x2_vector_correlation,E1-E2,100.000000,360.000000,26.349732,-333.650268,83.333333,-1.569271,0.000000,0.000000,0.000000
7.738000,90.000000,45.000000,calibrated_2x2_vector_correlation,E1-E2,100.000000,378.764174,45.481413,-314.518587,73.611111,-1.984098,38.090259,21.519373,158.450309
7.738000,90.000000,90.000000,calibrated_2x2_vector_correlation,E1-E2,100.000000,320.010113,53.998481,53.998481,62.500000,-2.313995,58.000869,35.646341,178.053097
7.738000,90.000000,135.000000,calibrated_2x2_vector_correlation,E1-E2,100.000000,360.000000,35.222012,-324.777988,73.611111,-1.458658,43.346660,24.293329,142.946501
7.738000,90.000000,0.000000,calibrated_2x2_vector_correlation,E2-E3,100.000000,720.000000,-71.871646,648.128354,94.444444,-2.287028,0.000000,0.000000,0.000000
7.738000,90.000000,45.000000,calibrated_2x2_vector_correlation,E2-E3,100.000000,360.000000,-81.416734,278.583266,76.388889,-2.792214,40.799274,21.817156,162.784393
7.738000,90.000000,90.000000,calibrated_2x2_vector_correlation,E2-E3,100.000000,323.510491,-103.307075,-103.307075,66.666667,-2.968240,56.259069,33.758806,177.273703
7.738000,90.000000,135.000000,calibrated_2x2_vector_correlation,E2-E3,100.000000,345.827504,-92.335537,-92.335537,77.777778,-1.988483,44.124757,26.250142,158.683594
7.738000,90.000000,0.000000,calibrated_2x2_vector_correlation,E3-E4,100.000000,360.020282,-67.595190,292.404810,76.388889,-2.183187,0.000000,0.000000,0.000000
7.738000,90.000000,45.000000,calibrated_2x2_vector_correlation,E3-E4,100.000000,360.000000,-56.281390,303.718610,76.388889,-2.444188,42.065490,25.768279,154.697233
7.738000,90.000000,90.000000,calibrated_2x2_vector_correlation,E3-E4,100.000000,316.555335,-25.299032,-25.299032,73.611111,-2.968240,60.679636,42.504214,178.016254
7.738000,90.000000,135.000000,calibrated_2x2_vector_correlation,E3-E4,100.000000,297.715516,-38.813927,-38.813927,70.833333,-2.459201,35.264515,25.242651,163.663180
7.738000,90.000000,0.000000,calibrated_2x2_vector_correlation,E4-E1,100.000000,360.000000,111.971985,-248.028015,73.611111,-2.729019,0.000000,0.000000,0.000000
7.738000,90.000000,45.000000,calibrated_2x2_vector_correlation,E4-E1,100.000000,295.090720,88.541374,88.541374,77.777778,-3.124639,27.125948,19.196283,105.943307
7.738000,90.000000,90.000000,calibrated_2x2_vector_correlation,E4-E1,100.000000,319.339741,75.094973,75.094973,61.111111,-2.313995,51.757731,31.410857,175.012213
7.738000,90.000000,135.000000,calibrated_2x2_vector_correlation,E4-E1,100.000000,325.292561,94.957361,94.957361,69.444444,-2.291625,44.184132,27.516668,130.446601
7.985500,45.000000,0.000000,calibrated_2x2_vector_correlation,E1-E3,100.000000,508.734601,-55.416905,-55.416905,68.055556,-3.101763,0.000000,0.000000,0.000000
7.985500,45.000000,45.000000,calibrated_2x2_vector_correlation,E1-E3,100.000000,265.863566,-49.010140,-49.010140,51.388889,-2.933159,61.490032,45.051349,172.562465
7.985500,45.000000,90.000000,calibrated_2x2_vector_correlation,E1-E3,100.000000,277.712072,-45.483568,-45.483568,59.722222,-3.547893,82.335083,60.292271,173.266805
7.985500,45.000000,135.000000,calibrated_2x2_vector_correlation,E1-E3,100.000000,720.000000,-51.960201,668.039799,84.722222,-2.520778,54.371105,34.420534,179.358262
7.985500,45.000000,0.000000,calibrated_2x2_vector_correlation,E2-E4,100.000000,531.634524,-140.454913,-140.454913,65.277778,-2.465702,0.000000,0.000000,0.000000
7.985500,45.000000,45.000000,calibrated_2x2_vector_correlation,E2-E4,100.000000,360.000000,-144.144021,215.855979,80.555556,-2.460487,54.582050,33.944541,173.219952
7.985500,45.000000,90.000000,calibrated_2x2_vector_correlation,E2-E4,100.000000,275.474530,-142.573904,-142.573904,59.722222,-3.057801,79.799163,53.910452,177.309385
7.985500,45.000000,135.000000,calibrated_2x2_vector_correlation,E2-E4,100.000000,269.982583,-138.599783,-138.599783,51.388889,-2.751081,59.096354,41.353243,177.249730
7.985500,45.000000,0.000000,calibrated_2x2_vector_correlation,E1-E2,100.000000,526.115191,38.995071,-321.004929,58.333333,-2.418214,0.000000,0.000000,0.000000
7.985500,45.000000,45.000000,calibrated_2x2_vector_correlation,E1-E2,100.000000,382.829256,27.294707,-332.705293,75.000000,-2.304708,45.972099,31.084810,158.896697
7.985500,45.000000,90.000000,calibrated_2x2_vector_correlation,E1-E2,100.000000,172.080885,46.392373,46.392373,69.444444,-2.263271,79.582174,47.999653,178.724304
7.985500,45.000000,135.000000,calibrated_2x2_vector_correlation,E1-E2,100.000000,380.286031,56.537341,416.537341,73.611111,-2.486613,58.982793,37.488912,177.164530
7.985500,45.000000,0.000000,calibrated_2x2_vector_correlation,E2-E3,100.000000,360.000000,-94.786930,265.213070,76.388889,-2.817832,0.000000,0.000000,0.000000
7.985500,45.000000,45.000000,calibrated_2x2_vector_correlation,E2-E3,100.000000,322.751235,-76.335061,-76.335061,59.722222,-2.488023,45.272291,27.004404,163.778480
7.985500,45.000000,90.000000,calibrated_2x2_vector_correlation,E2-E3,100.000000,360.000000,-87.955935,272.044065,76.388889,-2.857114,42.128654,29.587286,122.867072
7.985500,45.000000,135.000000,calibrated_2x2_vector_correlation,E2-E3,100.000000,346.172270,-108.768001,-108.768001,62.500000,-2.070538,51.948980,33.867683,171.760314
7.985500,45.000000,0.000000,calibrated_2x2_vector_correlation,E3-E4,100.000000,175.362924,-44.536512,-44.536512,50.000000,-2.974032,0.000000,0.000000,0.000000
7.985500,45.000000,45.000000,calibrated_2x2_vector_correlation,E3-E4,100.000000,372.132689,-67.721474,292.278526,76.388889,-2.805368,67.442040,46.146290,175.516034
7.985500,45.000000,90.000000,calibrated_2x2_vector_correlation,E3-E4,100.000000,176.081825,-55.151196,-55.151196,61.111111,-2.546977,79.900338,49.276191,179.799488
7.985500,45.000000,135.000000,calibrated_2x2_vector_correlation,E3-E4,100.000000,375.315772,-30.348317,-390.348317,79.166667,-2.792085,54.969109,35.387002,176.438082
7.985500,45.000000,0.000000,calibrated_2x2_vector_correlation,E4-E1,100.000000,360.000000,98.916732,-261.083268,79.166667,-3.257964,0.000000,0.000000,0.000000
7.985500,45.000000,45.000000,calibrated_2x2_vector_correlation,E4-E1,100.000000,350.809601,115.648700,115.648700,62.500000,-3.250503,54.540075,34.108002,173.652292
7.985500,45.000000,90.000000,calibrated_2x2_vector_correlation,E4-E1,100.000000,360.000000,93.434516,-266.565484,79.166667,-3.748581,35.359467,26.301126,94.477350
7.985500,45.000000,135.000000,calibrated_2x2_vector_correlation,E4-E1,100.000000,328.480965,81.001347,81.001347,61.111111,-3.242325,47.490501,28.487232,176.965386
7.985500,60.000000,0.000000,calibrated_2x2_vector_correlation,E1-E3,100.000000,347.889368,-54.103245,-54.103245,70.833333,-2.104464,0.000000,0.000000,0.000000
7.985500,60.000000,45.000000,calibrated_2x2_vector_correlation,E1-E3,100.000000,262.825538,-46.636887,-46.636887,52.777778,-3.124328,62.232563,44.830504,173.622348
7.985500,60.000000,90.000000,calibrated_2x2_vector_correlation,E1-E3,100.000000,172.175974,-46.964575,-46.964575,52.777778,-3.493506,87.328923,66.052178,179.312479
7.985500,60.000000,135.000000,calibrated_2x2_vector_correlation,E1-E3,100.000000,360.000000,-54.165749,305.834251,77.777778,-2.393221,52.901512,33.389881,168.538569
7.985500,60.000000,0.000000,calibrated_2x2_vector_correlation,E2-E4,100.000000,360.000000,-141.918592,218.081408,77.777778,-2.669058,0.000000,0.000000,0.000000
7.985500,60.000000,45.000000,calibrated_2x2_vector_correlation,E2-E4,100.000000,360.000000,-144.364196,215.635804,84.722222,-2.293750,35.068677,18.226634,155.999981
7.985500,60.000000,90.000000,calibrated_2x2_vector_correlation,E2-E4,100.000000,388.765897,-140.977924,219.022076,81.944444,-2.600872,60.962089,38.062315,152.247052
7.985500,60.000000,135.000000,calibrated_2x2_vector_correlation,E2-E4,100.000000,401.405962,-138.511646,-138.511646,59.722222,-3.007000,56.445613,38.306842,164.669940
7.985500,60.000000,0.000000,calibrated_2x2_vector_correlation,E1-E2,100.000000,360.000000,32.062826,-327.937174,81.944444,-1.962342,0.000000,0.000000,0.000000
7.985500,60.000000,45.000000,calibrated_2x2_vector_correlation,E1-E2,100.000000,360.000000,31.016626,-328.983374,90.277778,-2.822467,43.071142,25.002404,172.253748
7.985500,60.000000,90.000000,calibrated_2x2_vector_correlation,E1-E2,100.000000,360.000000,53.146559,-306.853441,87.500000,-2.531830,60.672676,40.728215,163.000370
7.985500,60.000000,135.000000,calibrated_2x2_vector_correlation,E1-E2,100.000000,280.386008,52.946342,52.946342,58.333333,-2.393221,49.001332,30.573777,157.665537
7.985500,60.000000,0.000000,calibrated_2x2_vector_correlation,E2-E3,100.000000,360.000000,-85.961025,274.038975,84.722222,-2.104464,0.000000,0.000000,0.000000
7.985500,60.000000,45.000000,calibrated_2x2_vector_correlation,E2-E3,100.000000,317.814410,-76.893619,-76.893619,68.055556,-2.443476,52.234076,32.039499,178.574322
7.985500,60.000000,90.000000,calibrated_2x2_vector_correlation,E2-E3,100.000000,360.000000,-96.568591,263.431409,72.222222,-2.712277,40.115573,29.594851,86.131715
7.985500,60.000000,135.000000,calibrated_2x2_vector_correlation,E2-E3,100.000000,375.447448,-108.425049,-108.425049,69.444444,-1.921662,52.836082,34.186531,168.972507
7.985500,60.000000,0.000000,calibrated_2x2_vector_correlation,E3-E4,100.000000,282.298969,-54.749298,-54.749298,73.611111,-2.996819,0.000000,0.000000,0.000000
7.985500,60.000000,45.000000,calibrated_2x2_vector_correlation,E3-E4,100.000000,360.000000,-67.907677,292.092323,91.666667,-2.687147,60.686515,35.229586,177.936782
7.985500,60.000000,90.000000,calibrated_2x2_vector_correlation,E3-E4,100.000000,360.000000,-44.645229,315.354771,88.888889,-2.712277,62.450226,37.321633,178.909922
7.985500,60.000000,135.000000,calibrated_2x2_vector_correlation,E3-E4,100.000000,460.153273,-30.429291,-390.429291,52.777778,-2.952641,43.714212,28.527535,178.434140
7.985500,60.000000,0.000000,calibrated_2x2_vector_correlation,E4-E1,100.000000,360.000000,107.514516,-252.485484,77.777778,-2.915153,0.000000,0.000000,0.000000
7.985500,60.000000,45.000000,calibrated_2x2_vector_correlation,E4-E1,100.000000,328.823675,111.972803,111.972803,65.277778,-3.367999,45.286505,28.031231,173.150370
7.985500,60.000000,90.000000,calibrated_2x2_vector_correlation,E4-E1,100.000000,360.000000,85.424994,-274.575006,80.555556,-3.420910,39.199600,29.532673,112.943239
7.985500,60.000000,135.000000,calibrated_2x2_vector_correlation,E4-E1,100.000000,363.181837,84.252661,84.252661,61.111111,-3.345139,49.396921,30.526321,167.266538
7.985500,75.000000,0.000000,calibrated_2x2_vector_correlation,E1-E3,100.000000,342.780215,-51.764306,-51.764306,86.111111,-2.360465,0.000000,0.000000,0.000000
7.985500,75.000000,45.000000,calibrated_2x2_vector_correlation,E1-E3,100.000000,426.440381,-45.345001,-405.345001,63.888889,-3.185804,50.427374,34.300817,174.333951
7.985500,75.000000,90.000000,calibrated_2x2_vector_correlation,E1-E3,100.000000,230.310102,-49.339066,-49.339066,50.000000,-3.131289,79.478753,56.592282,175.966725
7.985500,75.000000,135.000000,calibrated_2x2_vector_correlation,E1-E3,100.000000,360.000000,-55.423317,304.576683,91.666667,-2.499872,44.263914,29.486922,159.261679
7.985500,75.000000,0.000000,calibrated_2x2_vector_correlation,E2-E4,100.000000,720.000000,-143.251559,576.748441,79.166667,-2.634396,0.000000,0.000000,0.000000
7.985500,75.000000,45.000000,calibrated_2x2_vector_correlation,E2-E4,100.000000,720.000000,-143.809941,576.190059,81.944444,-2.737190,31.914437,19.735248,121.231903
7.985500,75.000000,90.000000,calibrated_2x2_vector_correlation,E2-E4,100.000000,490.082488,-139.502230,-139.502230,61.111111,-2.919409,74.019828,49.181656,177.115914
7.985500,75.000000,135.000000,calibrated_2x2_vector_correlation,E2-E4,100.000000,720.000000,-139.208188,580.791812,83.333333,-2.715980,25.668273,18.066576,98.801197
7.985500,75.000000,0.000000,calibrated_2x2_vector_correlation,E1-E2,100.000000,360.000000,27.756686,-332.243314,83.333333,-1.602237,0.000000,0.000000,0.000000
7.985500,75.000000,45.000000,calibrated_2x2_vector_correlation,E1-E2,100.000000,360.000000,38.116817,-321.883183,90.277778,-2.283541,38.492026,18.962385,170.842805
7.985500,75.000000,90.000000,calibrated_2x2_vector_correlation,E1-E2,100.000000,303.272479,56.680293,56.680293,70.833333,-2.712499,61.052325,38.672549,159.720118
7.985500,75.000000,135.000000,calibrated_2x2_vector_correlation,E1-E2,100.000000,360.000000,46.628050,-313.371950,76.388889,-2.387820,36.727048,22.618270,135.212415
7.985500,75.000000,0.000000,calibrated_2x2_vector_correlation,E2-E3,100.000000,720.000000,-79.415748,640.584252,95.833333,-2.197512,0.000000,0.000000,0.000000
7.985500,75.000000,45.000000,calibrated_2x2_vector_correlation,E2-E3,100.000000,328.628795,-80.934587,-80.934587,68.055556,-2.533959,49.483639,29.352373,172.041213
7.985500,75.000000,90.000000,calibrated_2x2_vector_correlation,E2-E3,100.000000,360.000000,-104.336526,255.663474,70.833333,-2.657204,47.716043,31.102092,171.566874
7.985500,75.000000,135.000000,calibrated_2x2_vector_correlation,E2-E3,100.000000,397.939163,-103.247395,256.752605,77.777778,-2.294969,46.878556,28.116754,171.364461
7.985500,75.000000,0.000000,calibrated_2x2_vector_correlation,E3-E4,100.000000,367.054604,-63.116545,296.883455,76.388889,-2.856504,0.000000,0.000000,0.000000
7.985500,75.000000,45.000000,calibrated_2x2_vector_correlation,E3-E4,100.000000,360.000000,-63.559769,296.440231,90.277778,-2.778566,52.421857,26.947759,174.245195
7.985500,75.000000,90.000000,calibrated_2x2_vector_correlation,E3-E4,100.000000,360.000000,-35.442664,324.557336,84.722222,-3.002793,60.695633,36.944715,160.889305
7.985500,75.000000,135.000000,calibrated_2x2_vector_correlation,E3-E4,100.000000,360.000000,-35.558670,324.441330,72.222222,-3.055186,34.464997,22.200683,168.841673
7.985500,75.000000,0.000000,calibrated_2x2_vector_correlation,E4-E1,100.000000,360.000000,113.810874,-246.189126,81.944444,-3.019457,0.000000,0.000000,0.000000
7.985500,75.000000,45.000000,calibrated_2x2_vector_correlation,E4-E1,100.000000,322.214539,103.525660,103.525660,70.833333,-3.430411,32.648304,21.128582,133.935767
7.985500,75.000000,90.000000,calibrated_2x2_vector_correlation,E4-E1,100.000000,360.000000,81.260900,-278.739100,72.222222,-3.476878,37.368781,26.742988,130.588630
7.985500,75.000000,135.000000,calibrated_2x2_vector_correlation,E4-E1,100.000000,355.511442,90.537594,90.537594,66.666667,-3.260090,54.453602,30.784787,172.788387
7.985500,90.000000,0.000000,calibrated_2x2_vector_correlation,E1-E3,100.000000,360.000000,-49.010140,-409.010140,88.888889,-2.859148,0.000000,0.000000,0.000000
7.985500,90.000000,45.000000,calibrated_2x2_vector_correlation,E1-E3,100.000000,720.000000,-45.483568,-765.483568,94.444444,-3.386272,34.329110,21.200449,154.786633
7.985500,90.000000,90.000000,calibrated_2x2_vector_correlation,E1-E3,100.000000,364.915430,-51.960201,308.039799,62.500000,-3.398866,66.622660,34.506864,179.840278
7.985500,90.000000,135.000000,calibrated_2x2_vector_correlation,E1-E3,100.000000,360.000000,-55.416905,304.583095,83.333333,-2.320732,45.610061,28.452367,160.333697
7.985500,90.000000,0.000000,calibrated_2x2_vector_correlation,E2-E4,100.000000,720.000000,-144.144021,575.855979,79.166667,-2.717610,0.000000,0.000000,0.000000
7.985500,90.000000,45.000000,calibrated_2x2_vector_correlation,E2-E4,100.000000,720.000000,-142.573904,577.426096,79.166667,-2.862756,29.747504,19.338516,83.524315
7.985500,90.000000,90.000000,calibrated_2x2_vector_correlation,E2-E4,100.000000,507.498882,-138.599783,-138.599783,58.333333,-1.391436,71.025295,47.434025,174.061843
7.985500,90.000000,135.000000,calibrated_2x2_vector_correlation,E2-E4,100.000000,720.000000,-140.454913,579.545087,77.777778,-2.554378,26.905236,16.743226,94.826843
7.985500,90.000000,0.000000,calibrated_2x2_vector_correlation,E1-E2,100.000000,360.000000,27.294707,-332.705293,84.722222,-1.994312,0.000000,0.000000,0.000000
7.985500,90.000000,45.000000,calibrated_2x2_vector_correlation,E1-E2,100.000000,384.855021,46.392373,-313.607627,75.000000,-2.322192,43.242345,23.497664,170.686339
7.985500,90.000000,90.000000,calibrated_2x2_vector_correlation,E1-E2,100.000000,319.546537,56.537341,56.537341,63.888889,-2.739400,52.923073,32.957456,163.265132
7.985500,90.000000,135.000000,calibrated_2x2_vector_correlation,E1-E2,100.000000,360.000000,38.995071,-321.004929,75.000000,-1.744536,34.779312,20.595724,137.277540
7.985500,90.000000,0.000000,calibrated_2x2_vector_correlation,E2-E3,100.000000,360.000000,-76.335061,283.664939,87.500000,-2.314649,0.000000,0.000000,0.000000
7.985500,90.000000,45.000000,calibrated_2x2_vector_correlation,E2-E3,100.000000,360.000000,-87.955935,272.044065,73.611111,-2.644289,38.470187,21.616041,134.731862
7.985500,90.000000,90.000000,calibrated_2x2_vector_correlation,E2-E3,100.000000,325.081971,-108.768001,-108.768001,69.444444,-2.823906,56.713125,34.105549,176.803099
7.985500,90.000000,135.000000,calibrated_2x2_vector_correlation,E2-E3,100.000000,376.117242,-94.786930,265.213070,77.777778,-2.046054,46.909799,27.806478,170.276171
7.985500,90.000000,0.000000,calibrated_2x2_vector_correlation,E3-E4,100.000000,360.000000,-67.721474,292.278526,76.388889,-2.403112,0.000000,0.000000,0.000000
7.985500,90.000000,45.000000,calibrated_2x2_vector_correlation,E3-E4,100.000000,334.758223,-55.151196,-55.151196,70.833333,-2.653771,41.544091,25.500702,132.933136
7.985500,90.000000,90.000000,calibrated_2x2_vector_correlation,E3-E4,100.000000,315.874810,-30.348317,-30.348317,70.833333,-2.823906,56.632849,37.712221,173.497341
7.985500,90.000000,135.000000,calibrated_2x2_vector_correlation,E3-E4,100.000000,360.000000,-44.536512,315.463488,76.388889,-2.595390,31.263585,21.336454,116.320532
7.985500,90.000000,0.000000,calibrated_2x2_vector_correlation,E4-E1,100.000000,360.000000,115.648700,-244.351300,76.388889,-3.262109,0.000000,0.000000,0.000000
7.985500,90.000000,45.000000,calibrated_2x2_vector_correlation,E4-E1,100.000000,303.235335,93.434516,93.434516,79.166667,-3.604739,26.025516,17.989908,116.910409
7.985500,90.000000,90.000000,calibrated_2x2_vector_correlation,E4-E1,100.000000,310.715543,81.001347,81.001347,65.277778,-2.739400,45.407318,27.706646,174.113560
7.985500,90.000000,135.000000,calibrated_2x2_vector_correlation,E4-E1,100.000000,320.104954,98.916732,98.916732,68.055556,-2.870069,42.311723,24.203436,149.214553
8.233000,45.000000,0.000000,calibrated_2x2_vector_correlation,E1-E3,100.000000,507.494192,-59.677043,-59.677043,65.277778,-2.881361,0.000000,0.000000,0.000000
8.233000,45.000000,45.000000,calibrated_2x2_vector_correlation,E1-E3,100.000000,274.417119,-49.904175,-49.904175,51.388889,-2.546274,59.986736,44.481872,177.019373
8.233000,45.000000,90.000000,calibrated_2x2_vector_correlation,E1-E3,100.000000,284.743546,-45.603779,-45.603779,61.111111,-3.075456,77.508984,57.835596,167.838156
8.233000,45.000000,135.000000,calibrated_2x2_vector_correlation,E1-E3,100.000000,720.000000,-55.409088,664.590912,84.722222,-2.483250,52.776172,33.466099,176.324418
8.233000,45.000000,0.000000,calibrated_2x2_vector_correlation,E2-E4,100.000000,522.097003,-144.522420,-144.522420,68.055556,-2.959103,0.000000,0.000000,0.000000
8.233000,45.000000,45.000000,calibrated_2x2_vector_correlation,E2-E4,100.000000,720.000000,-146.719395,573.280605,86.111111,-2.635652,51.222805,31.429582,172.801260
8.233000,45.000000,90.000000,calibrated_2x2_vector_correlation,E2-E4,100.000000,282.639482,-144.438818,-144.438818,62.500000,-3.336112,77.728311,52.746751,178.599937
8.233000,45.000000,135.000000,calibrated_2x2_vector_correlation,E2-E4,100.000000,278.433529,-141.976371,-141.976371,51.388889,-3.042994,63.409895,44.098068,179.961678
8.233000,45.000000,0.000000,calibrated_2x2_vector_correlation,E1-E2,100.000000,524.745984,40.456603,-319.543397,54.166667,-2.378967,0.000000,0.000000,0.000000
8.233000,45.000000,45.000000,calibrated_2x2_vector_correlation,E1-E2,100.000000,375.988106,32.837578,-327.162422,76.388889,-1.981268,49.238941,31.648204,166.016909
8.233000,45.000000,90.000000,calibrated_2x2_vector_correlation,E1-E2,100.000000,361.209561,47.182571,407.182571,72.222222,-2.116973,78.385638,45.531340,178.985307
8.233000,45.000000,135.000000,calibrated_2x2_vector_correlation,E1-E2,100.000000,372.269064,52.565732,412.565732,79.166667,-2.483250,61.621163,39.556414,172.366648
8.233000,45.000000,0.000000,calibrated_2x2_vector_correlation,E2-E3,100.000000,360.000000,-100.880188,259.119812,73.611111,-2.301315,0.000000,0.000000,0.000000
8.233000,45.000000,45.000000,calibrated_2x2_vector_correlation,E2-E3,100.000000,351.779614,-82.423912,-82.423912,62.500000,-2.032492,43.457867,27.962084,166.460493
8.233000,45.000000,90.000000,calibrated_2x2_vector_correlation,E2-E3,100.000000,360.000000,-90.228569,269.771431,79.166667,-2.421066,38.925035,27.899951,128.470571
8.233000,45.000000,135.000000,calibrated_2x2_vector_correlation,E2-E3,100.000000,372.834320,-110.102010,-110.102010,63.888889,-1.483931,48.212199,30.326801,169.992698
8.233000,45.000000,0.000000,calibrated_2x2_vector_correlation,E3-E4,100.000000,176.272665,-43.432509,-43.432509,52.777778,-3.099775,0.000000,0.000000,0.000000
8.233000,45.000000,45.000000,calibrated_2x2_vector_correlation,E3-E4,100.000000,364.192026,-64.144135,295.855865,86.111111,-2.764721,61.858936,43.950761,175.428120
8.233000,45.000000,90.000000,calibrated_2x2_vector_correlation,E3-E4,100.000000,173.528127,-54.612791,-54.612791,51.388889,-2.815334,78.719535,48.426378,177.799633
8.233000,45.000000,135.000000,calibrated_2x2_vector_correlation,E3-E4,100.000000,369.465435,-33.124770,-393.124770,79.166667,-2.937005,48.760682,32.474661,144.849173
8.233000,45.000000,0.000000,calibrated_2x2_vector_correlation,E4-E1,100.000000,360.000000,103.412382,-256.587618,72.222222,-3.679820,0.000000,0.000000,0.000000
8.233000,45.000000,45.000000,calibrated_2x2_vector_correlation,E4-E1,100.000000,377.481449,114.028172,114.028172,62.500000,-3.278503,51.547418,31.713457,170.353777
8.233000,45.000000,90.000000,calibrated_2x2_vector_correlation,E4-E1,100.000000,360.000000,95.545507,-264.454493,80.555556,-3.990503,31.867067,23.362251,105.493034
8.233000,45.000000,135.000000,calibrated_2x2_vector_correlation,E4-E1,100.000000,358.614356,88.768103,88.768103,61.111111,-3.693893,44.694742,27.213567,173.975534
8.233000,60.000000,0.000000,calibrated_2x2_vector_correlation,E1-E3,100.000000,362.886638,-57.658862,-57.658862,65.277778,-1.879074,0.000000,0.000000,0.000000
8.233000,60.000000,45.000000,calibrated_2x2_vector_correlation,E1-E3,100.000000,263.264571,-46.452266,-46.452266,54.166667,-2.855999,56.197831,40.554052,169.584214
8.233000,60.000000,90.000000,calibrated_2x2_vector_correlation,E1-E3,100.000000,165.799118,-48.181138,-48.181138,55.555556,-3.084077,81.378365,61.562834,171.649579
8.233000,60.000000,135.000000,calibrated_2x2_vector_correlation,E1-E3,100.000000,720.000000,-58.299859,661.700141,90.277778,-2.377238,59.001370,37.600086,176.165585
8.233000,60.000000,0.000000,calibrated_2x2_vector_correlation,E2-E4,100.000000,366.184283,-145.612063,214.387937,69.444444,-2.888520,0.000000,0.000000,0.000000
8.233000,60.000000,45.000000,calibrated_2x2_vector_correlation,E2-E4,100.000000,720.000000,-146.469720,573.530280,86.111111,-2.681358,36.666879,17.941529,165.908853
8.233000,60.000000,90.000000,calibrated_2x2_vector_correlation,E2-E4,100.000000,396.433115,-143.159726,216.840274,81.944444,-3.013140,63.725874,41.092398,176.823028
8.233000,60.000000,135.000000,calibrated_2x2_vector_correlation,E2-E4,100.000000,406.429147,-142.414866,-142.414866,55.555556,-3.236449,62.469647,42.251574,167.004920
8.233000,60.000000,0.000000,calibrated_2x2_vector_correlation,E1-E2,100.000000,309.195561,36.056199,36.056199,81.944444,-1.863848,0.000000,0.000000,0.000000
8.233000,60.000000,45.000000,calibrated_2x2_vector_correlation,E1-E2,100.000000,360.000000,35.654562,-324.345438,90.277778,-2.458018,44.335360,24.079081,169.514056
8.233000,60.000000,90.000000,calibrated_2x2_vector_correlation,E1-E2,100.000000,360.000000,51.668977,-308.331023,83.333333,-2.216503,57.056588,35.834076,169.091900
8.233000,60.000000,135.000000,calibrated_2x2_vector_correlation,E1-E2,100.000000,462.426364,49.608455,409.608455,51.388889,-2.377238,56.925007,35.327685,166.778163
8.233000,60.000000,0.000000,calibrated_2x2_vector_correlation,E2-E3,100.000000,360.000000,-92.857275,267.142725,81.944444,-1.765359,0.000000,0.000000,0.000000
8.233000,60.000000,45.000000,calibrated_2x2_vector_correlation,E2-E3,100.000000,323.625138,-81.923137,-81.923137,65.277778,-1.784643,45.988762,30.013660,172.029697
8.233000,60.000000,90.000000,calibrated_2x2_vector_correlation,E2-E3,100.000000,360.000000,-97.670056,262.329944,72.222222,-2.207255,47.333070,34.649760,135.485025
8.233000,60.000000,135.000000,calibrated_2x2_vector_correlation,E2-E3,100.000000,397.334998,-111.146227,-111.146227,66.666667,-1.550315,61.416189,40.185503,175.682330
8.233000,60.000000,0.000000,calibrated_2x2_vector_correlation,E3-E4,100.000000,301.213114,-52.396589,-52.396589,75.000000,-3.136301,0.000000,0.000000,0.000000
8.233000,60.000000,45.000000,calibrated_2x2_vector_correlation,E3-E4,100.000000,360.000000,-64.525051,295.474949,91.666667,-2.676574,51.259913,29.197019,175.382158
8.233000,60.000000,90.000000,calibrated_2x2_vector_correlation,E3-E4,100.000000,360.000000,-46.223187,313.776813,91.666667,-3.028033,57.402331,34.501675,175.396330
8.233000,60.000000,135.000000,calibrated_2x2_vector_correlation,E3-E4,100.000000,463.672029,-32.214522,-392.214522,55.555556,-3.142054,45.990992,31.403651,153.783456
8.233000,60.000000,0.000000,calibrated_2x2_vector_correlation,E4-E1,100.000000,360.000000,109.280090,-250.719910,77.777778,-3.250017,0.000000,0.000000,0.000000
8.233000,60.000000,45.000000,calibrated_2x2_vector_correlation,E4-E1,100.000000,336.985866,110.412852,110.412852,63.888889,-3.752713,41.533550,25.099399,175.334624
8.233000,60.000000,90.000000,calibrated_2x2_vector_correlation,E4-E1,100.000000,360.000000,90.049924,-269.950076,79.166667,-3.904855,34.289605,25.673578,108.596272
8.233000,60.000000,135.000000,calibrated_2x2_vector_correlation,E4-E1,100.000000,382.575648,92.127689,92.127689,61.111111,-3.737321,53.315649,31.918182,175.762179
8.233000,75.000000,0.000000,calibrated_2x2_vector_correlation,E1-E3,100.000000,352.118432,-54.094745,-54.094745,75.000000,-2.196666,0.000000,0.000000,0.000000
8.233000,75.000000,45.000000,calibrated_2x2_vector_correlation,E1-E3,100.000000,426.382727,-44.892245,-404.892245,62.500000,-2.730146,48.846609,32.951446,164.815282
8.233000,75.000000,90.000000,calibrated_2x2_vector_correlation,E1-E3,100.000000,264.438856,-51.766472,-51.766472,54.166667,-2.858401,83.186590,58.856393,176.142694
8.233000,75.000000,135.000000,calibrated_2x2_vector_correlation,E1-E3,100.000000,720.000000,-59.848601,660.151399,100.000000,-2.307085,46.398092,32.150024,167.996055
8.233000,75.000000,0.000000,calibrated_2x2_vector_correlation,E2-E4,100.000000,363.327265,-146.400473,213.599527,70.833333,-2.914641,0.000000,0.000000,0.000000
8.233000,75.000000,45.000000,calibrated_2x2_vector_correlation,E2-E4,100.000000,720.000000,-145.655440,574.344560,83.333333,-2.923534,36.140064,20.371061,154.927976
8.233000,75.000000,90.000000,calibrated_2x2_vector_correlation,E2-E4,100.000000,498.623485,-142.238315,-142.238315,62.500000,-3.277274,75.950287,51.096973,172.749424
8.233000,75.000000,135.000000,calibrated_2x2_vector_correlation,E2-E4,100.000000,720.000000,-143.361616,576.638384,81.944444,-3.122361,29.567960,16.697400,139.657061
8.233000,75.000000,0.000000,calibrated_2x2_vector_correlation,E1-E2,100.000000,312.853683,33.171388,33.171388,79.166667,-1.669207,0.000000,0.000000,0.000000
8.233000,75.000000,45.000000,calibrated_2x2_vector_correlation,E1-E2,100.000000,309.808028,41.091863,41.091863,73.611111,-2.226604,40.258082,21.099757,161.171853
8.233000,75.000000,90.000000,calibrated_2x2_vector_correlation,E1-E2,100.000000,294.533627,53.443174,53.443174,69.444444,-2.490879,61.280828,37.577561,176.115692
8.233000,75.000000,135.000000,calibrated_2x2_vector_correlation,E1-E2,100.000000,360.000000,45.295791,-314.704209,77.777778,-2.307085,37.609274,21.783549,159.793864
8.233000,75.000000,0.000000,calibrated_2x2_vector_correlation,E2-E3,100.000000,360.000000,-86.209994,273.790006,88.888889,-1.826977,0.000000,0.000000,0.000000
8.233000,75.000000,45.000000,calibrated_2x2_vector_correlation,E2-E3,100.000000,329.517100,-84.646833,-84.646833,69.444444,-1.910972,51.307427,30.865452,165.653027
8.233000,75.000000,90.000000,calibrated_2x2_vector_correlation,E2-E3,100.000000,360.000000,-105.059809,254.940191,69.444444,-2.204234,48.611455,30.663474,168.877701
8.233000,75.000000,135.000000,calibrated_2x2_vector_correlation,E2-E3,100.000000,404.134097,-107.746946,252.253054,77.777778,-1.659516,48.649317,29.071049,169.305009
8.233000,75.000000,0.000000,calibrated_2x2_vector_correlation,E3-E4,100.000000,309.069606,-59.919054,-59.919054,70.833333,-3.060204,0.000000,0.000000,0.000000
8.233000,75.000000,45.000000,calibrated_2x2_vector_correlation,E3-E4,100.000000,310.418516,-61.166136,-61.166136,80.555556,-2.676757,46.776573,23.879721,142.905366
8.233000,75.000000,90.000000,calibrated_2x2_vector_correlation,E3-E4,100.000000,360.000000,-38.279302,321.720698,80.555556,-3.220234,59.148749,35.149235,169.544707
8.233000,75.000000,135.000000,calibrated_2x2_vector_correlation,E3-E4,100.000000,285.535804,-35.930075,-35.930075,70.833333,-3.174643,31.323737,21.187818,124.270413
8.233000,75.000000,0.000000,calibrated_2x2_vector_correlation,E4-E1,100.000000,360.000000,113.342840,-246.657160,83.333333,-3.429893,0.000000,0.000000,0.000000
8.233000,75.000000,45.000000,calibrated_2x2_vector_correlation,E4-E1,100.000000,331.363630,103.297845,103.297845,73.611111,-3.742708,29.993344,20.358441,154.650935
8.233000,75.000000,90.000000,calibrated_2x2_vector_correlation,E4-E1,100.000000,360.000000,87.874886,-272.125114,68.055556,-3.931441,34.480833,23.514620,131.388301
8.233000,75.000000,135.000000,calibrated_2x2_vector_correlation,E4-E1,100.000000,356.587338,97.291599,97.291599,65.277778,-3.602689,53.068663,29.182456,176.283164
8.233000,90.000000,0.000000,calibrated_2x2_vector_correlation,E1-E3,100.000000,173.498811,-49.904175,-49.904175,75.000000,-2.714613,0.000000,0.000000,0.000000
8.233000,90.000000,45.000000,calibrated_2x2_vector_correlation,E1-E3,100.000000,720.000000,-45.603779,-765.603779,100.000000,-3.034625,42.103868,27.555198,172.230375
8.233000,90.000000,90.000000,calibrated_2x2_vector_correlation,E1-E3,100.000000,179.246134,-55.409088,-55.409088,62.500000,-2.950774,80.322201,48.861624,179.948186
8.233000,90.000000,135.000000,calibrated_2x2_vector_correlation,E1-E3,100.000000,382.094080,-59.677043,300.322957,94.444444,-2.240394,47.688991,32.184563,157.257671
8.233000,90.000000,0.000000,calibrated_2x2_vector_correlation,E2-E4,100.000000,623.078628,-146.719395,-146.719395,68.055556,-2.795899,0.000000,0.000000,0.000000
8.233000,90.000000,45.000000,calibrated_2x2_vector_correlation,E2-E4,100.000000,720.000000,-144.438818,575.561182,79.166667,-3.105459,34.459217,19.615613,148.811643
8.233000,90.000000,90.000000,calibrated_2x2_vector_correlation,E2-E4,100.000000,521.266531,-141.976371,-141.976371,58.333333,-1.883777,76.984744,50.303747,178.572731
8.233000,90.000000,135.000000,calibrated_2x2_vector_correlation,E2-E4,100.000000,360.000000,-144.522420,215.477580,72.222222,-2.969057,32.364858,18.112278,148.438779
8.233000,90.000000,0.000000,calibrated_2x2_vector_correlation,E1-E2,100.000000,343.874228,32.837578,32.837578,77.777778,-1.982433,0.000000,0.000000,0.000000
8.233000,90.000000,45.000000,calibrated_2x2_vector_correlation,E1-E2,100.000000,336.669189,47.182571,47.182571,69.444444,-2.292276,43.429695,23.736177,163.648699
8.233000,90.000000,90.000000,calibrated_2x2_vector_correlation,E1-E2,100.000000,317.548280,52.565732,52.565732,66.666667,-2.601739,50.330453,30.363486,178.551035
8.233000,90.000000,135.000000,calibrated_2x2_vector_correlation,E1-E2,100.000000,360.000000,40.456603,-319.543397,76.388889,-1.856238,31.064664,18.943224,146.020813
8.233000,90.000000,0.000000,calibrated_2x2_vector_correlation,E2-E3,100.000000,344.463731,-82.423912,-82.423912,80.555556,-1.828499,0.000000,0.000000,0.000000
8.233000,90.000000,45.000000,calibrated_2x2_vector_correlation,E2-E3,100.000000,301.045980,-90.228569,-90.228569,69.444444,-2.190869,44.672792,24.350208,162.957677
8.233000,90.000000,90.000000,calibrated_2x2_vector_correlation,E2-E3,100.000000,326.192541,-110.102010,-110.102010,65.277778,-2.212989,59.581266,36.721161,176.152247
8.233000,90.000000,135.000000,calibrated_2x2_vector_correlation,E2-E3,100.000000,345.460444,-100.880188,-100.880188,72.222222,-1.961683,46.110717,28.819063,160.364010
8.233000,90.000000,0.000000,calibrated_2x2_vector_correlation,E3-E4,100.000000,360.000000,-64.144135,295.855865,69.444444,-2.728066,0.000000,0.000000,0.000000
8.233000,90.000000,45.000000,calibrated_2x2_vector_correlation,E3-E4,100.000000,336.568557,-54.612791,-54.612791,70.833333,-2.586692,41.992896,26.972008,137.679990
8.233000,90.000000,90.000000,calibrated_2x2_vector_correlation,E3-E4,100.000000,318.098051,-33.124770,-33.124770,70.833333,-2.261708,55.520046,35.900378,166.383537
8.233000,90.000000,135.000000,calibrated_2x2_vector_correlation,E3-E4,100.000000,360.000000,-43.432509,316.567491,73.611111,-2.878317,35.262297,22.273293,149.525471
8.233000,90.000000,0.000000,calibrated_2x2_vector_correlation,E4-E1,100.000000,360.000000,114.028172,-245.971828,76.388889,-3.682013,0.000000,0.000000,0.000000
8.233000,90.000000,45.000000,calibrated_2x2_vector_correlation,E4-E1,100.000000,360.000000,95.545507,-264.454493,80.555556,-3.949215,24.519358,17.182772,94.107405
8.233000,90.000000,90.000000,calibrated_2x2_vector_correlation,E4-E1,100.000000,311.503143,88.768103,88.768103,65.277778,-2.999492,43.709107,25.459185,162.001915
8.233000,90.000000,135.000000,calibrated_2x2_vector_correlation,E4-E1,100.000000,321.265010,103.412382,103.412382,68.055556,-3.247768,40.071088,21.556123,155.919345
