"Phi [deg]","Freq [GHz]","Theta [deg]","dB(GainTotal) []","Theta [deg]","dB(RealizedGainTotal) []"
0,8,0,3.18844467126906,0,-2.97759258478136
5,8,0,3.18844467126906,0,-2.97759258478136
10,8,0,3.18844467126906,0,-2.97759258478135
15,8,0,3.18844467126906,0,-2.97759258478136
20,8,0,3.18844467126906,0,-2.97759258478136
25,8,0,3.18844467126906,0,-2.97759258478136
30,8,0,3.18844467126906,0,-2.97759258478136
35,8,0,3.18844467126906,0,-2.97759258478136
40,8,0,3.18844467126906,0,-2.97759258478136
45,8,0,3.18844467126906,0,-2.97759258478136
50,8,0,3.18844467126906,0,-2.97759258478136
55,8,0,3.18844467126906,0,-2.97759258478136
60,8,0,3.18844467126906,0,-2.97759258478136
65,8,0,3.18844467126906,0,-2.97759258478136
70,8,0,3.18844467126906,0,-2.97759258478136
75,8,0,3.18844467126906,0,-2.97759258478136
80,8,0,3.18844467126906,0,-2.97759258478136
85,8,0,3.18844467126906,0,-2.97759258478136
90,8,0,3.18844467126906,0,-2.97759258478136
0,8,5,3.31321777553104,5,-2.85281948051938
5,8,5,3.31127749049429,5,-2.85475976555613
10,8,5,3.30942057408785,5,-2.85661668196257
15,8,5,3.30763613163449,5,-2.85840112441593
20,8,5,3.3058686818798,5,-2.86016857417061
25,8,5,3.30402021748812,5,-2.8620170385623
30,8,5,3.30195371350479,5,-2.86408354254563
35,8,5,3.29949797710731,5,-2.86653927894311
40,8,5,3.29645369466196,5,-2.86958356138846
45,8,5,3.2926005024128,5,-2.87343675363761
50,8,5,3.28770488564814,5,-2.87833237040227
55,8,5,3.28152869775321,5,-2.88450855829721
60,8,5,3.27383808428967,5,-2.89219917176075
65,8,5,3.2644125966663,5,-2.90162465938412
70,8,5,3.25305428317715,5,-2.91298297287327
75,8,5,3.23959655008306,5,-2.92644070596735
80,8,5,3.22391258995851,5,-2.94212466609191
85,8,5,3.20592317701351,5,-2.9601140790369
90,8,5,3.18560362842534,5,-2.98043362762508
0,8,10,3.1633659037379,10,-3.00267135231252
5,8,10,3.15854562171416,10,-3.00749163433626
10,8,10,3.15761013857702,10,-3.0084271174734
15,8,10,3.16047605980636,10,-3.00556119624406
20,8,10,3.16686811672997,10,-2.99916913932045
25,8,10,3.17632943362698,10,-2.98970782242343
30,8,10,3.18823778362153,10,-2.97779947242888
35,8,10,3.20182689268009,10,-2.96421036337033
40,8,10,3.21621168093392,10,-2.9498255751165
45,8,10,3.23041625696758,10,-2.93562099908283
50,8,10,3.24340350462238,10,-2.92263375142804
55,8,10,3.25410521581049,10,-2.91193204023993
60,8,10,3.26145191094586,10,-2.90458534510456
65,8,10,3.26440172762321,10,-2.90163552842721
70,8,10,3.26196801959256,10,-2.90406923645786
75,8,10,3.25324556095609,10,-2.91279169509433
80,8,10,3.23743546469886,10,-2.92860179135155
85,8,10,3.21386907374685,10,-2.95216818230357
90,8,10,3.18203114636778,10,-2.98400610968264
0,8,15,2.78498099980179,15,-3.38105625624863
5,8,15,2.77775194772764,15,-3.38828530832278
10,8,15,2.78136834444621,15,-3.38466891160421
15,8,15,2.79553415924114,15,-3.37050309680928
20,8,15,2.81950265023524,15,-3.34653460581518
25,8,15,2.85211606519799,15,-3.31392119085242
30,8,15,2.8918606347499,15,-3.27417662130052
35,8,15,2.93693221312281,15,-3.2291050429276
40,8,15,2.98530759820584,15,-3.18072965784458
45,8,15,3.03481671684691,15,-3.1312205392035
50,8,15,3.0832114557554,15,-3.08282580029502
55,8,15,3.12822786815452,15,-3.0378093878959
60,8,15,3.16763967152493,15,-2.99839758452549
65,8,15,3.19930223808517,15,-2.96673501796525
70,8,15,3.22118753867699,15,-2.94484971737342
75,8,15,3.23141162166505,15,-2.93462563438536
80,8,15,3.22825710157135,15,-2.93778015447906
85,8,15,3.21019372978689,15,-2.95584352626353
90,8,15,3.17590038052863,15,-2.99013687552178
0,8,20,2.24697723073296,20,-3.91906002531746
5,8,20,2.23992664704705,20,-3.92611060900336
10,8,20,2.25333796932759,20,-3.91269928672283
15,8,20,2.28635335637861,20,-3.87968389967181
20,8,20,2.33727160069528,20,-3.82876565535513
25,8,20,2.4036738393337,20,-3.76236341671672
30,8,20,2.48257824342512,20,-3.6834590126253
35,8,20,2.57060751593247,20,-3.59542974011795
40,8,20,2.6641536583952,20,-3.50188359765521
45,8,20,2.75952686270086,20,-3.40651039334956
50,8,20,2.85307904037064,20,-3.31295821567978
55,8,20,2.94129669533782,20,-3.22474056071259
60,8,20,3.02086186270953,20,-3.14517539334089
65,8,20,3.08868320503286,20,-3.07735405101756
70,8,20,3.14190194213423,20,-3.02413531391619
75,8,20,3.17787919142426,20,-2.98815806462616
80,8,20,3.19417265462311,20,-2.97186460142731
85,8,20,3.18851143044561,20,-2.97752582560481
90,8,20,3.15877795022035,20,-3.00725930583007
0,8,25,1.6614306212314,25,-4.50460663481902
5,8,25,1.65945805403666,25,-4.50657920201376
10,8,25,1.68889902513285,25,-4.47713823091757
15,8,25,1.74771599939496,25,-4.41832125665546
20,8,25,1.83254378606062,25,-4.33349346998979
25,8,25,1.93900071974586,25,-4.22703653630455
30,8,25,2.06203609151351,25,-4.10400116453691
35,8,25,2.19627276552975,25,-3.96976449052067
40,8,25,2.33630965719732,25,-3.82972759885309
45,8,25,2.47695928325841,25,-3.689077972792
50,8,25,2.61340862815119,25,-3.55262862789922
55,8,25,2.74130388194151,25,-3.4247333741089
60,8,25,2.85676841371673,25,-3.30926884233369
65,8,25,2.95636760777743,25,-3.20966964827298
70,8,25,3.03703489405247,25,-3.12900236199795
75,8,25,3.09597257674484,25,-3.07006467930558
80,8,25,3.1305407664568,25,-3.03549648959362
85,8,25,3.13814843787481,25,-3.0278888181756
90,8,25,3.11616161251356,25,-3.04987564353686
0,8,30,1.18597501845569,30,-4.98006223759473
5,8,30,1.1949018496204,30,-4.97113540643001
10,8,30,1.24437032205923,30,-4.92166693399119
15,8,30,1.33056785082659,30,-4.83546940522382
20,8,30,1.44798457629998,30,-4.71805267975043
25,8,30,1.58997444810944,30,-4.57606280794098
30,8,30,1.74934070324221,30,-4.41669655280821
35,8,30,1.91887678552443,30,-4.24716047052598
40,8,30,2.09180237854286,30,-4.07423487750756
45,8,30,2.26205493812064,30,-3.90398231792978
50,8,30,2.4244267173963,30,-3.74161053865412
55,8,30,2.57456619370134,30,-3.59147106234907
60,8,30,2.70888082727241,30,-3.45715642877801
65,8,30,2.82438074396845,30,-3.34165651208197
70,8,30,2.91849376762426,30,-3.24754348842616
75,8,30,2.98886972194981,30,-3.1771675341006
80,8,30,3.03318389743863,30,-3.13285335861179
85,8,30,3.04894904698932,30,-3.1170882090611
90,8,30,3.03335006867545,30,-3.13268718737497
0,8,35,0.970455059316532,35,-5.19558219673389
5,8,35,0.993275519345719,35,-5.1727617367047
10,8,35,1.05973525455308,35,-5.10630200149734
15,8,35,1.16439897497131,35,-5.0016382810791
20,8,35,1.30012274406921,35,-4.86591451198121
25,8,35,1.45873322447043,35,-4.70730403157999
30,8,35,1.63174927101631,35,-4.53428798503411
35,8,35,1.81107248384528,35,-4.35496477220513
40,8,35,1.98954370263694,35,-4.17649355341348
45,8,35,2.16127371351274,35,-4.00476354253768
50,8,35,2.32171174881659,35,-3.84432550723383
55,8,35,2.46748739823217,35,-3.69854985781824
60,8,35,2.59611381039273,35,-3.56992344565769
65,8,35,2.70565062429257,35,-3.46038663175785
70,8,35,2.79439743323154,35,-3.37163982281888
75,8,35,2.86064498859357,35,-3.30539226745684
80,8,35,2.90247601613417,35,-3.26356123991625
85,8,35,2.91759318043328,35,-3.24844407561714
90,8,35,2.90315764383028,35,-3.26287961222013
0,8,40,1.05952213442218,40,-5.10651512162824
5,8,40,1.09337835997127,40,-5.07265889607915
10,8,40,1.16639089369436,40,-4.99964636235606
15,8,40,1.27262609477705,40,-4.89341116127336
20,8,40,1.40470794076245,40,-4.76132931528797
25,8,40,1.55431797497958,40,-4.61171928107084
30,8,40,1.71289071083357,40,-4.45314654521684
35,8,40,1.87245186779827,40,-4.29358538825215
40,8,40,2.02639490063035,40,-4.13964235542007
45,8,40,2.16995254956421,40,-3.99608470648621
50,8,40,2.30021769081512,40,-3.86581956523529
55,8,40,2.41573907459134,40,-3.75029818145907
60,8,40,2.51586712780979,40,-3.65017012824063
65,8,40,2.60008336337452,40,-3.5659538926759
70,8,40,2.66750248448013,40,-3.49853477157028
75,8,40,2.71662902149987,40,-3.44940823455054
80,8,40,2.74533790461505,40,-3.42069935143536
85,8,40,2.75097250215658,40,-3.41506475389384
90,8,40,2.73043046125767,40,-3.43560679479275
0,8,45,1.36138083602816,45,-4.80465642002225
5,8,45,1.39952374294361,45,-4.76651351310681
10,8,45,1.46758520685304,45,-4.69845204919738
15,8,45,1.56037392804137,45,-4.60566332800904
20,8,45,1.67147632444194,45,-4.49456093160847
25,8,45,1.79334132193587,45,-4.37269593411454
30,8,45,1.91787756067024,45,-4.24815969538018
35,8,45,2.03755422980484,45,-4.12848302624558
40,8,45,2.146628715142,45,-4.01940854090842
45,8,45,2.24197671526152,45,-3.9240605407889
50,8,45,2.32314498095694,45,-3.84289227509348
55,8,45,2.39157976185541,45,-3.77445749419501
60,8,45,2.44932467260148,45,-3.71671258344893
65,8,45,2.4976756799899,45,-3.66836157606052
70,8,45,2.5362602451904,45,-3.62977701086002
75,8,45,2.56280389105445,45,-3.60323336499597
80,8,45,2.57356243983375,45,-3.59247481621666
85,8,45,2.56414904272032,45,-3.6018882133301
90,8,45,2.53035653267564,45,-3.63568072337478
0,8,50,1.72874770952132,50,-4.4372895465291
5,8,50,1.76488848201347,50,-4.40114877403694
10,8,50,1.82101852559745,50,-4.34501873045296
15,8,50,1.89335267208845,50,-4.27268458396196
20,8,50,1.97688056703652,50,-4.18915668901389
25,8,50,2.06491388568389,50,-4.10112337036653
30,8,50,2.1495831664075,50,-4.01645408964291
35,8,50,2.22336734204593,50,-3.94266991400448
40,8,50,2.28106067023524,50,-3.88497658581517
45,8,50,2.32124751243305,50,-3.84478974361737
50,8,50,2.34652508932184,50,-3.81951216672858
55,8,50,2.36224753405954,50,-3.80378972199087
60,8,50,2.37419252763334,50,-3.79184472841708
65,8,50,2.38602054474806,50,-3.78001671130236
70,8,50,2.39751519517724,50,-3.76852206087317
75,8,50,2.40428303047342,50,-3.761754225577
80,8,50,2.3989703404426,50,-3.76706691560782
85,8,50,2.37342787226519,50,-3.79260938378523
90,8,50,2.32092360895879,50,-3.84511364709163
0,8,55,2.04650347455586,55,-4.11953378149456
5,8,55,2.0769248719402,55,-4.08911238411022
10,8,55,2.11914704666982,55,-4.0468902093806
15,8,55,2.17095804973088,55,-3.99507920631954
20,8,55,2.22872197963571,55,-3.9373152764147
25,8,55,2.28629278873131,55,-3.87974446731911
30,8,55,2.33539471734837,55,-3.83064253870205
35,8,55,2.3677222921085,55,-3.79831496394192
40,8,55,2.37792450174063,55,-3.78811275430979
45,8,55,2.36602695212161,55,-3.80001030392881
50,8,55,2.33800667307975,55,-3.82803058297067
55,8,55,2.30398091937476,55,-3.86205633667565
60,8,55,2.27445824083356,55,-3.89157901521686
65,8,55,2.2560110464263,55,-3.91002620962411
70,8,55,2.24818450076681,55,-3.91785275528361
75,8,55,2.24305643763518,55,-3.92298081841524
80,8,55,2.22763650045214,55,-3.93840075559827
85,8,55,2.18797666832989,55,-3.97806058772052
90,8,55,2.11330369785442,55,-4.052733558196
0,8,60,2.2570135638452,60,-3.90902369220522
5,8,60,2.28039156872664,60,-3.88564568732378
10,8,60,2.30976516178682,60,-3.85627209426359
15,8,60,2.34444931911373,60,-3.82158793693668
20,8,60,2.38204923233115,60,-3.78398802371926
25,8,60,2.4166294477962,60,-3.74940780825422
30,8,60,2.43891082953915,60,-3.72712642651127
35,8,60,2.4390219260045,60,-3.72701533004592
40,8,60,2.41072672510489,60,-3.75531053094552
45,8,60,2.35506232663153,60,-3.81097492941888
50,8,60,2.28144389680065,60,-3.88459335924977
55,8,60,2.20526462515299,60,-3.96077263089743
60,8,60,2.14240924421832,60,-4.0236280118321
65,8,60,2.10261838104383,60,-4.06341887500658
70,8,60,2.08467787636754,60,-4.08135937968287
75,8,60,2.07591919656568,60,-4.09011805948474
80,8,60,2.05627970093638,60,-4.10975755511404
85,8,60,2.00479553440759,60,-4.16124172164283
90,8,60,1.90575858400642,60,-4.260278672044
0,8,65,2.34705091965379,65,-3.81898633639663
5,8,65,2.36361817344701,65,-3.80241908260341
10,8,65,2.38241454728041,65,-3.78362270877001
15,8,65,2.40417119841908,65,-3.76186605763134
20,8,65,2.42765402271745,65,-3.73838323333297
25,8,65,2.44697574847031,65,-3.7190615075801
30,8,65,2.45149245254607,65,-3.71454480350434
35,8,65,2.42921077133373,65,-3.73682648471668
40,8,65,2.37240588080006,65,-3.79363137525036
45,8,65,2.28266944216195,65,-3.88336781388846
50,8,65,2.17267556820408,65,-3.99336168784633
55,8,65,2.06317241778317,65,-4.10286483826725
60,8,65,1.97553386269129,65,-4.19050339335913
65,8,65,1.92247452658211,65,-4.24356272946831
70,8,65,1.90137580376979,65,-4.26466145228063
75,8,65,1.89402547386565,65,-4.27201178218477
80,8,65,1.87282850039175,65,-4.29320875565867
85,8,65,1.8098232469137,65,-4.35621400913671
90,8,65,1.68448679434272,65,-4.4815504617077
0,8,70,2.32867997778844,70,-3.83735727826198
5,8,70,2.33949525240685,70,-3.82654200364357
10,8,70,2.35009339270565,70,-3.81594386334477
15,8,70,2.36248079837632,70,-3.8035564576741
20,8,70,2.37657049690911,70,-3.78946675914131
25,8,70,2.38655958994078,70,-3.77947766610964
30,8,70,2.38038123393985,70,-3.78565602211057
35,8,70,2.34368851102811,70,-3.82234874502231
40,8,70,2.26689889752666,70,-3.89913835852376
45,8,70,2.15174100916564,70,-4.01429624688478
50,8,70,2.01374877194304,70,-4.15228848410737
55,8,70,1.87865216654669,70,-4.28738508950373
60,8,70,1.77289245885517,70,-4.39314479719524
65,8,70,1.71160021556578,70,-4.45443704048464
70,8,70,1.69017489479488,70,-4.47586236125554
75,8,70,1.68466378773849,70,-4.48137346831192
80,8,70,1.66044802458939,70,-4.50558923146103
85,8,70,1.58360618312383,70,-4.58243107292659
90,8,70,1.42973382970504,70,-4.73630342634537
0,8,75,2.22518334130363,75,-3.94085391474679
5,8,75,2.23161900646013,75,-3.93441824959029
10,8,75,2.23594763967014,75,-3.93008961638028
15,8,75,2.2412677148799,75,-3.92476954117052
20,8,75,2.24864373305022,75,-3.9173935230002
25,8,75,2.25254942242127,75,-3.91348783362915
30,8,75,2.23974412966672,75,-3.9262931263837
35,8,75,2.19366935955177,75,-3.97236789649865
40,8,75,2.1028046983898,75,-4.06323255766062
45,8,75,1.96865589346886,75,-4.19738136258156
50,8,75,1.80898105095029,75,-4.35705620510013
55,8,75,1.6536677239438,75,-4.51236953210662
60,8,75,1.53337117073577,75,-4.63266608531465
65,8,75,1.46496469428131,75,-4.70107256176911
70,8,75,1.44164873768283,75,-4.72438851836758
75,8,75,1.43422724617243,75,-4.73181000987799
80,8,75,1.40224999038738,75,-4.76378726566303
85,8,75,1.30732126208842,75,-4.858715993962
90,8,75,1.12236055023448,75,-5.04367670581594
0,8,80,2.0624522731342,80,-4.10358498291621
5,8,80,2.06585434475425,80,-4.10018291129617
10,8,80,2.06516440030958,80,-4.10087285574084
15,8,80,2.06432294485325,80,-4.10171431119716
20,8,80,2.06550235693667,80,-4.10053489911374
25,8,80,2.06373630018963,80,-4.10230095586079
30,8,80,2.04514803744451,80,-4.1208892186059
35,8,80,1.9915131950285,80,-4.17452406102192
40,8,80,1.8896180024526,80,-4.27641925359782
45,8,80,1.7404433275788,80,-4.42559392847162
50,8,80,1.56306540973523,80,-4.60297184631518
55,8,80,1.39024445232501,80,-4.77579280372541
60,8,80,1.25566553393622,80,-4.91037172211419
65,8,80,1.1773907513621,80,-4.98864650468831
70,8,80,1.14679602440349,80,-5.01924123164692
75,8,80,1.13063438806703,80,-5.03540286798339
80,8,80,1.08418137898693,80,-5.08185587706348
85,8,80,0.965988967397919,80,-5.2000482886525
90,8,80,0.747292808941936,80,-5.41874444710848
0,8,85,1.86410218213988,85,-4.30193507391054
5,8,85,1.86557336770085,85,-4.30046388834956
10,8,85,1.86038638789256,85,-4.30565086815786
15,8,85,1.85299042940064,85,-4.31304682664978
20,8,85,1.84652839591911,85,-4.3195088601313
25,8,85,1.83691685389318,85,-4.32912040215724
30,8,85,1.8104419425159,85,-4.35559531353451
35,8,85,1.74816433332251,85,-4.4178729227279
40,8,85,1.63575428422712,85,-4.5302829718233
45,8,85,1.47341653044712,85,-4.6926207256033
50,8,85,1.28034615026583,85,-4.88569110578459
55,8,85,1.0904162733312,85,-5.07562098271922
60,8,85,0.938860925155598,85,-5.22717633089482
65,8,85,0.844586723514996,85,-5.32145053253542
70,8,85,0.798183402886123,85,-5.36785385316429
75,8,85,0.764196997644334,85,-5.40184025840608
80,8,85,0.695388414832711,85,-5.47064884121771
85,8,85,0.548407921232382,85,-5.61762933481804
90,8,85,0.293379991477807,85,-5.87265726457261
0,8,90,1.6487294664372,90,-4.51730778961322
5,8,90,1.64898925004376,90,-4.51704800600665
10,8,90,1.63911689393537,90,-4.52692036211504
15,8,90,1.62367115807059,90,-4.54236609797983
20,8,90,1.60653984740467,90,-4.55949740864574
25,8,90,1.58486296415375,90,-4.58117429189667
30,8,90,1.54610007934705,90,-4.61993717670336
35,8,90,1.47189265672228,90,-4.69414459932814
40,8,90,1.34765824302277,90,-4.81837901302765
45,8,90,1.17261093861705,90,-4.99342631743337
50,8,90,0.964589743217216,90,-5.2014475128332
55,8,90,0.756362020475982,90,-5.40967523557443
60,8,90,0.582901047744997,90,-5.58313620830542
65,8,90,0.463732050368445,90,-5.70230520568197
70,8,90,0.390256469376471,90,-5.77578078667395
75,8,90,0.327263388412763,90,-5.83877386763765
80,8,90,0.227017690904417,90,-5.939019565146
85,8,90,0.0452772559551524,90,-6.12076000009526
90,8,90,-0.248675090227851,90,-6.41471234627827
0,8,95,1.42817836800529,95,-4.73785888804513
5,8,95,1.42746023489658,95,-4.73857702115384
10,8,95,1.41205072357159,95,-4.75398653247882
15,8,95,1.38622449277651,95,-4.77981276327391
20,8,95,1.3543646926654,95,-4.81167256338501
25,8,95,1.31518651685768,95,-4.85085073919274
30,8,95,1.25844396261763,95,-4.90759329343278
35,8,95,1.16784890635674,95,-4.99818834969368
40,8,95,1.02959928691634,95,-5.13643796913408
45,8,95,0.841725898146971,95,-5.32431135790345
50,8,95,0.619047559643587,95,-5.54698969640683
55,8,95,0.390642659703778,95,-5.77539459634664
60,8,95,0.189036174899847,95,-5.97700108115057
65,8,95,0.0340141139813398,95,-6.13202314206908
70,8,95,-0.0803384189456719,95,-6.24637567499609
75,8,95,-0.185998974932359,95,-6.35203623098278
80,8,95,-0.328684110042529,95,-6.49472136609295
85,8,95,-0.552241420743569,95,-6.71827867679399
90,8,95,-0.887832960082177,95,-7.05387021613259
0,8,100,1.20629440963169,100,-4.95974284641873
5,8,100,1.20427010155125,100,-4.96176715449917
10,8,100,1.18190600305199,100,-4.98413125299843
15,8,100,1.14291967111717,100,-5.02311758493325
20,8,100,1.09201450763054,100,-5.07402274841988
25,8,100,1.02982771227678,100,-5.13620954377364
30,8,100,0.949474778854755,100,-5.21656247719566
35,8,100,0.838185203076477,100,-5.32785205297394
40,8,100,0.683968735240828,100,-5.48206852080959
45,8,100,0.483500091277094,100,-5.68253716477332
50,8,100,0.246900659456512,100,-5.91913659659391
55,8,100,-0.00316561937162141,100,-6.16920287542204
60,8,100,-0.239171011732997,100,-6.40520826778341
65,8,100,-0.441905864378461,100,-6.60794312042888
70,8,100,-0.61295386014885,100,-6.77899111619927
75,8,100,-0.777727856840507,100,-6.94376511289092
80,8,100,-0.976603965978176,100,-7.14264122202859
85,8,100,-1.25080320565195,100,-7.41684046170237
90,8,100,-1.63062795956736,100,-7.79666521561778
0,8,105,0.978428130693951,105,-5.18760912535647
5,8,105,0.97419382613679,105,-5.19184342991363
10,8,105,0.943099164140785,105,-5.22293809190963
15,8,105,0.88826768349555,105,-5.27776957255487
20,8,105,0.814713811839324,105,-5.35132344421109
25,8,105,0.725307068482009,105,-5.44073018756841
30,8,105,0.617346168168731,105,-5.54869108788169
35,8,105,0.48271280932995,105,-5.68332444672047
40,8,105,0.312066506819628,105,-5.85397074923079
45,8,105,0.100593340175801,105,-6.06544391587462
50,8,105,-0.147706996687912,105,-6.31374425273833
55,8,105,-0.419065719749666,105,-6.58510297580008
60,8,105,-0.693662122226282,105,-6.8596993782767
65,8,105,-0.954477124723186,105,-7.1205143807736
70,8,105,-1.19804714558775,105,-7.36408440163817
75,8,105,-1.44007747461981,105,-7.60611473067023
80,8,105,-1.71130777356573,105,-7.87734502961615
85,8,105,-2.04630298712481,105,-8.21234024317522
90,8,105,-2.47107962134379,105,-8.63711687739421
0,8,110,0.732623554809542,110,-5.43341370124088
5,8,110,0.72480558768579,110,-5.44123166836463
10,8,110,0.683196191030598,110,-5.48284106501982
15,8,110,0.610585247812045,110,-5.55545200823837
20,8,110,0.512505986269808,110,-5.65353126978061
25,8,110,0.394308357454023,110,-5.77172889859639
30,8,110,0.257905212151446,110,-5.90813204389897
35,8,110,0.100429689407937,110,-6.06560756664248
40,8,110,-0.0843315165687887,110,-6.25036877261921
45,8,110,-0.302734149908848,110,-6.46877140595926
50,8,110,-0.557746113133052,110,-6.72378336918347
55,8,110,-0.846174591414301,110,-7.01221184746472
60,8,110,-1.15824566876712,110,-7.32428292481754
65,8,110,-1.48144898437851,110,-7.64748624042893
70,8,110,-1.80814460838972,110,-7.97418186444014
75,8,110,-2.14235080127287,110,-8.30838805732329
80,8,110,-2.50029181591565,110,-8.66632907196607
85,8,110,-2.90336253233778,110,-9.0693997883882
90,8,110,-3.36629412144462,110,-9.53233137749504
0,8,115,0.453596935969887,115,-5.71244032008053
5,8,115,0.44061521873027,115,-5.72542203732015
10,8,115,0.387188303547626,115,-5.77884895250279
15,8,115,0.29630223277088,115,-5.86973502327954
20,8,115,0.174424107011729,115,-5.99161314903869
25,8,115,0.0295632946076041,115,-6.13647396144281
30,8,115,-0.131761165539632,115,-6.29779842159005
35,8,115,-0.307209286826937,115,-6.47324654287735
40,8,115,-0.499850438241374,115,-6.66588769429179
45,8,115,-0.717508844628474,115,-6.88354610067889
50,8,115,-0.970070359507408,115,-7.13610761555783
55,8,115,-1.26515367512688,115,-7.4311909311773
60,8,115,-1.6040731043638,115,-7.77011036041422
65,8,115,-1.98096534855509,115,-8.14700260460551
70,8,115,-2.38631477349902,115,-8.55235202954943
75,8,115,-2.81259326151843,115,-8.97863051756885
80,8,115,-3.25743182932403,115,-9.42346908537445
85,8,115,-3.72076765277723,115,-9.88680490882764
90,8,115,-4.19559572141983,115,-10.3616329774702
0,8,120,0.130232428297939,120,-6.03580482775248
5,8,120,0.110729372816028,120,-6.05530788323439
10,8,120,0.0453049888950042,120,-6.12073226715541
15,8,120,-0.0621834629229214,120,-6.22822071897334
20,8,120,-0.203806382224176,120,-6.36984363827459
25,8,120,-0.368811890054619,120,-6.53484914610504
30,8,120,-0.546504598944263,120,-6.71254185499468
35,8,120,-0.730022539804444,120,-6.89605979585486
40,8,120,-0.919750890854202,120,-7.08578814690462
45,8,120,-1.12474147584391,120,-7.29077873189433
50,8,120,-1.36065106683552,120,-7.52668832288593
55,8,120,-1.64420117420968,120,-7.8102384302601
60,8,120,-1.98651136411692,120,-8.15254862016734
65,8,120,-2.38866249236142,120,-8.55469974841184
70,8,120,-2.84130878332056,120,-9.00734603937097
75,8,120,-3.32736084698865,120,-9.49339810303907
80,8,120,-3.82477530774062,120,-9.99081256379103
85,8,120,-4.30647870127077,120,-10.4725159573212
90,8,120,-4.73663602264016,120,-10.9026732786906
0,8,125,-0.233461762831573,125,-6.39949901888199
5,8,125,-0.260021756555885,125,-6.4260590126063
10,8,125,-0.335646742688892,125,-6.50168399873931
15,8,125,-0.455003695049698,125,-6.62104095110012
20,8,125,-0.608273911958381,125,-6.7743111680088
25,8,125,-0.782115699039568,125,-6.94815295508998
30,8,125,-0.962546373450529,125,-7.12858362950095
35,8,125,-1.13947534811665,125,-7.30551260416707
40,8,125,-1.31149360755429,125,-7.4775308636047
45,8,125,-1.48845761703491,125,-7.65449487308533
50,8,125,-1.68960361576179,125,-7.85564087181221
55,8,125,-1.93716933526989,125,-8.10320659132031
60,8,125,-2.24825679833536,125,-8.41429405438578
65,8,125,-2.62836841921618,125,-8.7944056752666
70,8,125,-3.06833464695237,125,-9.23437190300278
75,8,125,-3.54416885038404,125,-9.71020610643446
80,8,125,-4.01846508220278,125,-10.1845023382532
85,8,125,-4.44270742850546,125,-10.6087446845559
90,8,125,-4.76179031802675,125,-10.9278275740772
0,8,130,-0.605884060493044,130,-6.77192131654346
5,8,130,-0.638473597921536,130,-6.80451085397195
10,8,130,-0.719535315509099,130,-6.88557257155952
15,8,130,-0.842028341356901,130,-7.00806559740732
20,8,130,-0.994289790699092,130,-7.16032704674951
25,8,130,-1.16110651362337,130,-7.32714376967379
30,8,130,-1.32674050295018,130,-7.4927777590006
35,8,130,-1.47976788141142,130,-7.64580513746183
40,8,130,-1.61819431685487,130,-7.78423157290529
45,8,130,-1.75208739071737,130,-7.91812464676778
50,8,130,-1.90143501429876,130,-8.06747227034917
55,8,130,-2.0894914618309,130,-8.25552871788132
60,8,130,-2.33444119075979,130,-8.50047844681021
65,8,130,-2.64251062018102,130,-8.80854787623143
70,8,130,-3.00401076710887,130,-9.17004802315929
75,8,130,-3.39225793417174,130,-9.55829519022216
80,8,130,-3.76521984887192,130,-9.93125710492234
85,8,130,-4.07080670830773,130,-10.2368439643581
90,8,130,-4.2573004446023,130,-10.4233377006527
0,8,135,-0.921049412528941,135,-7.08708666857936
5,8,135,-0.956499618546415,135,-7.12253687459683
10,8,135,-1.03488807790071,135,-7.20092533395113
15,8,135,-1.14794453463211,135,-7.31398179068252
20,8,135,-1.28311223700026,135,-7.44914949305068
25,8,135,-1.42496325234587,135,-7.59100050839628
30,8,135,-1.55830169327254,135,-7.72433894932296
35,8,135,-1.67266612111762,135,-7.83870337716804
40,8,135,-1.76667950351561,135,-7.93271675956603
45,8,135,-1.84984311959972,135,-8.01588037565014
50,8,135,-1.94012170957203,135,-8.10615896562245
55,8,135,-2.05790511481165,135,-8.22394237086207
60,8,135,-2.21880579591754,135,-8.38484305196796
65,8,135,-2.42778857445276,135,-8.59382583050318
70,8,135,-2.67589372184065,135,-8.84193097789107
75,8,135,-2.93982586231881,135,-9.10586311836923
80,8,135,-3.18464322068415,135,-9.35068047673457
85,8,135,-3.37010849268062,135,-9.53614574873104
90,8,135,-3.46057450181026,135,-9.62661175786068
0,8,140,-1.09281055598114,140,-7.25884781203156
5,8,140,-1.12626096271622,140,-7.29229821876664
10,8,140,-1.19241850808154,140,-7.35845576413195
15,8,140,-1.28309360418853,140,-7.44913086023895
20,8,140,-1.38674251510218,140,-7.5527797711526
25,8,140,-1.49011905869332,140,-7.65615631474374
30,8,140,-1.58106623072093,140,-7.74710348677135
35,8,140,-1.65198384380789,140,-7.8180210998583
40,8,140,-1.70271399010644,140,-7.86875124615686
45,8,140,-1.74127974021778,140,-7.9073169962682
50,8,140,-1.7816602611055,140,-7.94769751715592
55,8,140,-1.83924771890198,140,-8.0052849749524
60,8,140,-1.92569073191789,140,-8.0917279879683
65,8,140,-2.04480082501704,140,-8.21083808106745
70,8,140,-2.19047283889681,140,-8.35651009494723
75,8,140,-2.34693184441213,140,-8.51296910046254
80,8,140,-2.49136848795482,140,-8.65740574400524
85,8,140,-2.59882692214578,140,-8.76486417819619
90,8,140,-2.64854546523054,140,-8.81458272128096
0,8,145,-1.06094788360481,145,-7.22698513965523
5,8,145,-1.08801985150386,145,-7.25405710755428
10,8,145,-1.13564857254974,145,-7.30168582860015
15,8,145,-1.19731924185329,145,-7.3633564979037
20,8,145,-1.26444944872145,145,-7.43048670477187
25,8,145,-1.32786558146963,145,-7.49390283752005
30,8,145,-1.3798189819946,145,-7.54585623804502
35,8,145,-1.41610477723092,145,-7.58214203328134
40,8,145,-1.43753192498576,145,-7.60356918103618
45,8,145,-1.45000455580748,145,-7.6160418118579
50,8,145,-1.46295400943897,145,-7.62899126548939
55,8,145,-1.48656914810436,145,-7.65260640415477
60,8,145,-1.52875012808952,145,-7.69478738413994
65,8,145,-1.59271100795003,145,-7.75874826400044
70,8,145,-1.675824016285,145,-7.84186127233542
75,8,145,-1.76992601436438,145,-7.93596327041479
80,8,145,-1.86303424945794,145,-8.02907150550836
85,8,145,-1.9421751004452,145,-8.10821235649561
90,8,145,-1.99671138319843,145,-8.16274863924885
0,8,150,-0.842953205904516,150,-7.00899046195493
5,8,150,-0.862239660040517,150,-7.02827691609093
10,8,150,-0.892057390313817,150,-7.05809464636423
15,8,150,-0.928402578078799,150,-7.09443983412922
20,8,150,-0.966334145970338,150,-7.13237140202076
25,8,150,-1.00094389742867,150,-7.16698115347908
30,8,150,-1.02848539315781,150,-7.19452264920823
35,8,150,-1.04739667151307,150,-7.21343392756348
40,8,150,-1.05888666470232,150,-7.22492392075274
45,8,150,-1.06682541486122,150,-7.23286267091163
50,8,150,-1.07689318730511,150,-7.24293044335553
55,8,150,-1.0952095378981,150,-7.26124679394851
60,8,150,-1.12684314301976,150,-7.29288039907017
65,8,150,-1.17462048845019,150,-7.34065774450061
70,8,150,-1.23853376663056,150,-7.40457102268098
75,8,150,-1.31587618955039,150,-7.48191344560081
80,8,150,-1.40206631913127,150,-7.56810357518169
85,8,150,-1.49197672917391,150,-7.65801398522433
90,8,150,-1.58145654528427,150,-7.74749380133469
0,8,155,-0.538612795990912,155,-6.70465005204133
5,8,155,-0.551882943041579,155,-6.717920199092
10,8,155,-0.570176859209214,155,-6.73621411525963
15,8,155,-0.591686508647414,155,-6.75772376469783
20,8,155,-0.614353480385125,155,-6.78039073643554
25,8,155,-0.636338177891358,155,-6.80237543394178
30,8,155,-0.656508555008363,155,-6.82254581105878
35,8,155,-0.67483478173099,155,-6.84087203778141
40,8,155,-0.692577863365516,155,-6.85861511941593
45,8,155,-0.712201235192364,155,-6.87823849124278
50,8,155,-0.737008624267583,155,-6.903045880318
55,8,155,-0.770593296247098,155,-6.93663055229752
60,8,155,-0.81624084995814,155,-6.98227810600856
65,8,155,-0.876439568232164,155,-7.04247682428258
70,8,155,-0.952619743578247,155,-7.11865699962866
75,8,155,-1.04518274037268,155,-7.21121999642309
80,8,155,-1.15381135497305,155,-7.31984861102346
85,8,155,-1.27798997815491,155,-7.44402723420533
90,8,155,-1.41761623875219,155,-7.58365349480261
0,8,160,-0.284984168202406,160,-6.45102142425282
5,8,160,-0.295212507192494,160,-6.46124976324291
10,8,160,-0.309200004597735,160,-6.47523726064815
15,8,160,-0.32645168932019,160,-6.49248894537061
20,8,160,-0.346521783217247,160,-6.51255903926766
25,8,160,-0.369178586070831,160,-6.53521584212125
30,8,160,-0.394564271387102,160,-6.56060152743752
35,8,160,-0.423313753251181,160,-6.5893510093016
40,8,160,-0.456602751524335,160,-6.62264000757475
45,8,160,-0.496109885770728,160,-6.66214714182115
50,8,160,-0.543898212162256,160,-6.70993546821267
55,8,160,-0.602242466505342,160,-6.76827972255576
60,8,160,-0.673443061204363,160,-6.83948031725478
65,8,160,-0.759672166037334,160,-6.92570942208775
70,8,160,-0.862890080661811,160,-7.02892733671223
75,8,160,-0.984854121069467,160,-7.15089137711988
80,8,160,-1.12722197561709,160,-7.29325923166751
85,8,160,-1.29173193565167,160,-7.45776919170209
90,8,160,-1.48042787857393,160,-7.64646513462434
0,8,165,-0.213904770881241,165,-6.37994202693166
5,8,165,-0.223312076040844,165,-6.38934933209126
10,8,165,-0.237702492117201,165,-6.40373974816762
15,8,165,-0.257113415712281,165,-6.4231506717627
20,8,165,-0.281707523759851,165,-6.44774477981027
25,8,165,-0.311811099486524,165,-6.47784835553694
30,8,165,-0.34794926010007,165,-6.51398651615049
35,8,165,-0.390870353289771,165,-6.55690760934019
40,8,165,-0.441553806986816,165,-6.60759106303723
45,8,165,-0.501199201978296,165,-6.66723645802871
50,8,165,-0.571198593420783,165,-6.7372358494712
55,8,165,-0.653098161810981,165,-6.8191354178614
60,8,165,-0.748558136049174,165,-6.91459539209959
65,8,165,-0.859320886702657,165,-7.02535814275307
70,8,165,-0.987195911228016,165,-7.15323316727843
75,8,165,-1.1340674419948,165,-7.30010469804522
80,8,165,-1.30192635140698,165,-7.4679636074574
85,8,165,-1.49292386890916,165,-7.65896112495958
90,8,165,-1.70944129096814,165,-7.87547854701856
0,8,170,-0.441701336757499,170,-6.60773859280792
5,8,170,-0.450775047591486,170,-6.6168123036419
10,8,170,-0.466455419371714,170,-6.63249267542213
15,8,170,-0.488864265998997,170,-6.65490152204941
20,8,170,-0.518219867851105,170,-6.68425712390152
25,8,170,-0.554840218734245,170,-6.72087747478466
30,8,170,-0.599145214334545,170,-6.76518247038496
35,8,170,-0.651656881715336,170,-6.81769413776575
40,8,170,-0.712997028985221,170,-6.87903428503564
45,8,170,-0.783882112323403,170,-6.94991936837382
50,8,170,-0.865115584772877,170,-7.03115284082329
55,8,170,-0.957578400385741,170,-7.12361565643616
60,8,170,-1.06221859570921,170,-7.22825585175963
65,8,170,-1.1800408819951,170,-7.34607813804552
70,8,170,-1.31209692161992,170,-7.47813417767034
75,8,170,-1.45947644305432,170,-7.62551369910474
80,8,170,-1.62329862030667,170,-7.78933587635709
85,8,170,-1.80470227371811,170,-7.97073952976853
90,8,170,-2.00483250083551,170,-8.17086975688593
0,8,175,-1.08391466270331,175,-7.24995191875372
5,8,175,-1.09092760156112,175,-7.25696485761154
10,8,175,-1.10420994445146,175,-7.27024720050188
15,8,175,-1.12379058272002,175,-7.28982783877044
20,8,175,-1.14972352636832,175,-7.31576078241873
25,8,175,-1.18208595502298,175,-7.34812321107339
30,8,175,-1.22097545223122,175,-7.38701270828164
35,8,175,-1.2665063645383,175,-7.43254362058872
40,8,175,-1.31880522289014,175,-7.48484247894056
45,8,175,-1.37800516180442,175,-7.54404241785484
50,8,175,-1.44423926906682,175,-7.61027652511724
55,8,175,-1.51763279307904,175,-7.68367004912946
60,8,175,-1.59829412479357,175,-7.76433138084399
65,8,175,-1.68630445624773,175,-7.85234171229814
70,8,175,-1.78170599996775,175,-7.94774325601817
75,8,175,-1.88448863743618,175,-8.05052589348659
80,8,175,-1.99457485778829,175,-8.16061211383871
85,8,175,-2.1118028603943,175,-8.27784011644472
90,8,175,-2.23590774059208,175,-8.4019449966425
0,8,180,-2.28594575224666,180,-8.45198300829708
5,8,180,-2.28594575224665,180,-8.45198300829707
10,8,180,-2.28594575224665,180,-8.45198300829707
15,8,180,-2.28594575224665,180,-8.45198300829707
20,8,180,-2.28594575224666,180,-8.45198300829707
25,8,180,-2.28594575224665,180,-8.45198300829707
30,8,180,-2.28594575224665,180,-8.45198300829707
35,8,180,-2.28594575224666,180,-8.45198300829707
40,8,180,-2.28594575224666,180,-8.45198300829707
45,8,180,-2.28594575224666,180,-8.45198300829707
50,8,180,-2.28594575224665,180,-8.45198300829707
55,8,180,-2.28594575224665,180,-8.45198300829707
60,8,180,-2.28594575224666,180,-8.45198300829707
65,8,180,-2.28594575224666,180,-8.45198300829707
70,8,180,-2.28594575224666,180,-8.45198300829707
75,8,180,-2.28594575224666,180,-8.45198300829707
80,8,180,-2.28594575224666,180,-8.45198300829707
85,8,180,-2.28594575224665,180,-8.45198300829707
90,8,180,-2.28594575224666,180,-8.45198300829707
0,8,185,-4.27948422933454,185,-10.445521485385
5,8,185,-4.26033970905082,185,-10.4263769651012
10,8,185,-4.21826129128797,185,-10.3842985473384
15,8,185,-4.15440490412203,185,-10.3204421601725
20,8,185,-4.07050079963767,185,-10.2365380556881
25,8,185,-3.96873571720836,185,-10.1347729732588
30,8,185,-3.85161550432581,185,-10.0176527603762
35,8,185,-3.72182423131576,185,-9.88786148736618
40,8,185,-3.58209345134058,185,-9.74813070739099
45,8,185,-3.43509116200403,185,-9.60112841805445
50,8,185,-3.28333547342187,185,-9.44937272947228
55,8,185,-3.12913396971967,185,-9.29517122577009
60,8,185,-2.97454681201608,185,-9.1405840680665
65,8,185,-2.82136989541653,185,-8.98740715146694
70,8,185,-2.67113367966293,185,-8.83717093571335
75,8,185,-2.52511337235702,185,-8.69115062840744
80,8,185,-2.38434665332823,185,-8.55038390937865
85,8,185,-2.24965584137553,185,-8.41569309742595
90,8,185,-2.12167214890327,185,-8.28770940495369
0,8,190,-7.50448798375065,190,-13.6705252398011
5,8,190,-7.42848516798091,190,-13.5945224240313
10,8,190,-7.2484291396586,190,-13.414466395709
15,8,190,-6.97930766168775,190,-13.1453449177382
20,8,190,-6.64113797218363,190,-12.8071752282341
25,8,190,-6.25516581606653,190,-12.4212030721169
30,8,190,-5.84097404110201,190,-12.0070112971524
35,8,190,-5.41491643879373,190,-11.5809536948441
40,8,190,-4.98967300103157,190,-11.155710257082
45,8,190,-4.57449757932394,190,-10.7405348353744
50,8,190,-4.17577551741691,190,-10.3418127734673
55,8,190,-3.79764573851315,190,-9.96368299456356
60,8,190,-3.4425645251744,190,-9.60860178122481
65,8,190,-3.11176717600275,190,-9.27780443205317
70,8,190,-2.80562467148832,190,-8.97166192753873
75,8,190,-2.5239094245731,190,-8.68994668062352
80,8,190,-2.26598858694902,190,-8.43202584299944
85,8,190,-2.03096228105859,190,-8.196999537109
90,8,190,-1.81776120397984,190,-7.98379846003025
0,8,195,-12.6150567463663,195,-18.7810940024167
5,8,195,-12.316591094988,195,-18.4826283510384
10,8,195,-11.5842596576325,195,-17.7502969136829
15,8,195,-10.6113911255876,195,-16.777428381638
20,8,195,-9.56305358021926,195,-15.7290908362697
25,8,195,-8.53675908690077,195,-14.7027963429512
30,8,195,-7.57803438305226,195,-13.7440716391027
35,8,195,-6.70319663228508,195,-12.8692338883355
40,8,195,-5.91440330097348,195,-12.0804405570239
45,8,195,-5.20762412605088,195,-11.3736613821013
50,8,195,-4.57649267679917,195,-10.7425299328496
55,8,195,-4.01407322776027,195,-10.1801104838107
60,8,195,-3.51362994786007,195,-9.67966720391048
65,8,195,-3.06893160062385,195,-9.23496885667427
70,8,195,-2.67434460588444,195,-8.84038186193486
75,8,195,-2.32483199047542,195,-8.49086924652584
80,8,195,-2.01591162343321,195,-8.18194887948362
85,8,195,-1.74359733156984,195,-7.90963458762026
90,8,195,-1.50433331935086,195,-7.67037057540127
0,8,200,-14.1725003868078,200,-20.3385376428582
5,8,200,-13.7763924321432,200,-19.9424296881936
10,8,200,-12.6864471913363,200,-18.8524844473867
15,8,200,-11.3177236287826,200,-17.483760884833
20,8,200,-9.94564593931614,200,-16.1116831953666
25,8,200,-8.68292625106592,200,-14.8489635071163
30,8,200,-7.559054730974,200,-13.7250919870244
35,8,200,-6.57151637530812,200,-12.7375536313585
40,8,200,-5.70773559014094,200,-11.8737728461914
45,8,200,-4.95322084778687,200,-11.1192581038373
50,8,200,-4.29428428790719,200,-10.4603215439576
55,8,200,-3.71877185966104,200,-9.88480911571146
60,8,200,-3.21611420166273,200,-9.38215145771314
65,8,200,-2.77718275468499,200,-8.94322001073541
70,8,200,-2.39411955311492,200,-8.56015680916534
75,8,200,-2.06018725671911,200,-8.22622451276952
80,8,200,-1.76963983400979,200,-7.93567709006021
85,8,200,-1.51759981786598,200,-7.6836370739164
90,8,200,-1.29992825084528,200,-7.4659655068957
0,8,205,-8.76217104182136,205,-14.9282082978718
5,8,205,-8.68049659238162,205,-14.846533848432
10,8,205,-8.35181689919617,205,-14.5178541552466
15,8,205,-7.83560754287254,205,-14.001644798923
20,8,205,-7.20653967729398,205,-13.3725769333444
25,8,205,-6.5304589094898,205,-12.6964961655402
30,8,205,-5.85475176215307,205,-12.0207890182035
35,8,205,-5.20910746771696,205,-11.3751447237674
40,8,205,-4.60996995470888,205,-10.7760072107593
45,8,205,-4.06494280641998,205,-10.2309800624704
50,8,205,-3.57604552688085,205,-9.74208278293127
55,8,205,-3.14187331559569,205,-9.3079105716461
60,8,205,-2.75899659731908,205,-8.9250338533695
65,8,205,-2.42290246644757,205,-8.58893972249798
70,8,205,-2.12867424229157,205,-8.29471149834199
75,8,205,-1.87150690474249,205,-8.03754416079291
80,8,205,-1.6470856446407,205,-7.81312290069112
85,8,205,-1.45181688693372,205,-7.61785414298414
90,8,205,-1.28289498338669,205,-7.4489322394371
0,8,210,-5.02198588493304,210,-11.1880231409835
5,8,210,-5.00948076669256,210,-11.175518022743
10,8,210,-4.91475282828783,210,-11.0807900843382
15,8,210,-4.74685225444859,210,-10.912889510499
20,8,210,-4.51992941865509,210,-10.6859666747055
25,8,210,-4.25082540016893,210,-10.4168626562194
30,8,210,-3.9567933411177,210,-10.1228305971681
35,8,210,-3.65374335269304,210,-9.81978060874345
40,8,210,-3.35509507988358,210,-9.52113233593399
45,8,210,-3.07115013191702,210,-9.23718738796744
50,8,210,-2.80885906479354,210,-8.97489632084396
55,8,210,-2.57189182267925,210,-8.73792907872966
60,8,210,-2.36097046170782,210,-8.52700771775824
65,8,210,-2.17445229904792,210,-8.34048955509834
70,8,210,-2.00913929415236,210,-8.17517655020278
75,8,210,-1.86123335092238,210,-8.0272706069728
80,8,210,-1.72728264413247,210,-7.89331990018289
85,8,210,-1.6049190629548,210,-7.77095631900522
90,8,210,-1.49321438744355,210,-7.65925164349396
0,8,215,-2.67833796101643,215,-8.84437521706684
5,8,215,-2.68383790241255,215,-8.84987515846296
10,8,215,-2.67113397543804,215,-8.83717123148846
15,8,215,-2.64211231024406,215,-8.80814956629448
20,8,215,-2.59893649702701,215,-8.76497375307743
25,8,215,-2.54413394182141,215,-8.71017119787183
30,8,215,-2.48085776105636,215,-8.64689501710678
35,8,215,-2.41308482101511,215,-8.57912207706553
40,8,215,-2.34550045587635,215,-8.51153771192676
45,8,215,-2.2829456245524,215,-8.44898288060282
50,8,215,-2.2294958970356,215,-8.39553315308602
55,8,215,-2.18741562108964,215,-8.35345287714006
60,8,215,-2.15633148166526,215,-8.32236873771568
65,8,215,-2.1329773524111,215,-8.29901460846152
70,8,215,-2.11175525973554,215,-8.27779251578596
75,8,215,-2.08611302117271,215,-8.25215027722313
80,8,215,-2.05039631805782,215,-8.21643357410823
85,8,215,-2.00154795907861,215,-8.16758521512902
90,8,215,-1.94001075102944,215,-8.10604800707986
0,8,220,-1.19051644585695,220,-7.35655370190737
5,8,220,-1.20045847741836,220,-7.36649573346878
10,8,220,-1.22523450319333,220,-7.39127175924374
15,8,220,-1.26618252690044,220,-7.43221978295085
20,8,220,-1.32329357582536,220,-7.48933083187578
25,8,220,-1.39525444201308,220,-7.5612916980635
30,8,220,-1.48000315949348,220,-7.6460404155439
35,8,220,-1.57560160513367,220,-7.74163886118409
40,8,220,-1.68100865296143,220,-7.84704590901185
45,8,220,-1.79627915961138,220,-7.9623164156618
50,8,220,-1.92188290158993,220,-8.08792015764034
55,8,220,-2.05719627725474,220,-8.22323353330516
60,8,220,-2.19865473009237,220,-8.36469198614278
65,8,220,-2.33841441889206,220,-8.50445167494247
70,8,220,-2.46446969619676,220,-8.63050695224718
75,8,220,-2.56279274176143,220,-8.72882999781185
80,8,220,-2.62112074249393,220,-8.78715799854435
85,8,220,-2.632894229324,220,-8.79893148537442
90,8,220,-2.59943224936849,220,-8.7654695054189
0,8,225,-0.283704304514428,225,-6.44974156056485
5,8,225,-0.292250065153978,225,-6.4582873212044
10,8,225,-0.335974536784137,225,-6.50201179283455
15,8,225,-0.417600051904947,225,-6.58363730795536
20,8,225,-0.53788865817031,225,-6.70392591422073
25,8,225,-0.695154292838869,225,-6.86119154888929
30,8,225,-0.885553292183187,225,-7.0515905482336
35,8,225,-1.10413901772228,225,-7.2701762737727
40,8,225,-1.34626285697753,225,-7.51230011302794
45,8,225,-1.60857562459999,225,-7.77461288065041
50,8,225,-1.8888208200484,225,-8.05485807609881
55,8,225,-2.18396448681069,225,-8.35000174286111
60,8,225,-2.48699556842786,225,-8.65303282447828
65,8,225,-2.78376594542065,225,-8.94980320147106
70,8,225,-3.05206646505806,225,-9.21810372110848
75,8,225,-3.26498097979829,225,-9.43101823584871
80,8,225,-3.39858644191681,225,-9.56462369796723
85,8,225,-3.44066588580142,225,-9.60670314185184
90,8,225,-3.39519984517649,225,-9.5612371012269
0,8,230,0.195259696834111,230,-5.97077755921631
5,8,230,0.192125525035769,230,-5.97391173101465
10,8,230,0.140361071721367,230,-6.02567618432905
15,8,230,0.0346742051921723,230,-6.13136305085825
20,8,230,-0.128022082836188,230,-6.29405933888661
25,8,230,-0.347345917743395,230,-6.51338317379381
30,8,230,-0.6192153512367,230,-6.78525260728712
35,8,230,-0.936863782910618,230,-7.10290103896103
40,8,230,-1.2927783053725,230,-7.45881556142291
45,8,230,-1.68062389003334,230,-7.84666114608375
50,8,230,-2.09575809601468,230,-8.2617953520651
55,8,230,-2.53304161802925,230,-8.69907887407967
60,8,230,-2.98173188844464,230,-9.14776914449506
65,8,230,-3.4193565211362,230,-9.58539377718662
70,8,230,-3.80890942884363,230,-9.97494668489405
75,8,230,-4.10459434086317,230,-10.2706315969136
80,8,230,-4.26740078848328,230,-10.4334380445337
85,8,230,-4.28253135984437,230,-10.4485686158948
90,8,230,-4.16541286830706,230,-10.3314501243575
0,8,235,0.342778078270383,235,-5.82325917778003
5,8,235,0.348778736358906,235,-5.81725851969151
10,8,235,0.297634984522177,235,-5.86840227152824
15,8,235,0.180384076463202,235,-5.98565317958721
20,8,235,-0.00964065347672176,235,-6.17567790952714
25,8,235,-0.274560601521928,235,-6.44059785757235
30,8,235,-0.610982565866328,235,-6.77701982191675
35,8,235,-1.010755591212,235,-7.17679284726242
40,8,235,-1.46330187598368,235,-7.6293391320341
45,8,235,-1.95852247453194,235,-8.12455973058236
50,8,235,-2.48827895173607,235,-8.65431620778649
55,8,235,-3.04394153771412,235,-9.20997879376454
60,8,235,-3.60873391241229,235,-9.7747711684627
65,8,235,-4.14750578191457,235,-10.313543037965
70,8,235,-4.60228905813967,235,-10.7683263141901
75,8,235,-4.90486619991993,235,-11.0709034559703
80,8,235,-5.00765071262686,235,-11.1736879686773
85,8,235,-4.91104283805863,235,-11.077080094109
90,8,235,-4.66041073938536,235,-10.8264479954358
0,8,240,0.227608351350588,240,-5.93842890469983
5,8,240,0.246498633343214,240,-5.9195386227072
10,8,240,0.204171149712055,240,-5.96186610633836
15,8,240,0.0868985680363294,240,-6.07913868801409
20,8,240,-0.116700673815042,240,-6.28273792986546
25,8,240,-0.412265676764672,240,-6.57830293281509
30,8,240,-0.797806267209026,240,-6.96384352325944
35,8,240,-1.2639252022827,240,-7.42996245833312
40,8,240,-1.79617754158189,240,-7.96221479763231
45,8,240,-2.37868470849545,240,-8.54472196454586
50,8,240,-2.9965595481225,240,-9.16259680417292
55,8,240,-3.63315359502307,240,-9.79919085107349
60,8,240,-4.25941004556654,240,-10.425447301617
65,8,240,-4.81986107490257,240,-10.985898330953
70,8,240,-5.23154714701886,240,-11.3975844030693
75,8,240,-5.41454449532559,240,-11.580581751376
80,8,240,-5.34276491445763,240,-11.5088021705081
85,8,240,-5.06354861250054,240,-11.229585868551
90,8,240,-4.66248565746679,240,-10.8285229135172
0,8,245,-0.0939367303541984,245,-6.25997398640462
5,8,245,-0.0585806216037372,245,-6.22461787765415
10,8,245,-0.0839281321232746,245,-6.24996538817369
15,8,245,-0.189476730147806,245,-6.35551398619822
20,8,245,-0.392252037951446,245,-6.55828929400186
25,8,245,-0.702182968232327,245,-6.86822022428274
30,8,245,-1.11922386333788,245,-7.28526111938829
35,8,245,-1.63277917776976,245,-7.79881643382018
40,8,245,-2.22347475104367,245,-8.38951200709409
45,8,245,-2.86664745416101,245,-9.03268471021143
50,8,245,-3.53514111301157,245,-9.70117836906199
55,8,245,-4.19628844129832,245,-10.3623256973487
60,8,245,-4.79950383506105,245,-10.9655410911115
65,8,245,-5.26403566919167,245,-11.4300729252421
70,8,245,-5.49443912310623,245,-11.6604763791567
75,8,245,-5.4374412905699,245,-11.6034785466203
80,8,245,-5.12976177254508,245,-11.2957990285955
85,8,245,-4.67377712986214,245,-10.8398143859126
90,8,245,-4.17182855967448,245,-10.3378658157249
0,8,250,-0.568800387706039,250,-6.73483764375646
5,8,250,-0.514172595921413,250,-6.68020985197183
10,8,250,-0.51469075847076,250,-6.68072801452118
15,8,250,-0.596394766987797,250,-6.76243202303821
20,8,250,-0.782502598313567,250,-6.94853985436398
25,8,250,-1.08756435164828,250,-7.25360160769869
30,8,250,-1.51369948462101,250,-7.67973674067143
35,8,250,-2.04913781499362,250,-8.21517507104403
40,8,250,-2.66871957681126,250,-8.83475683286168
45,8,250,-3.3359444173512,250,-9.50198167340161
50,8,250,-4.00512352012958,250,-10.17116077618
55,8,250,-4.61919610159147,250,-10.7852333576419
60,8,250,-5.10130204594185,250,-11.2673393019923
65,8,250,-5.35687758506099,250,-11.5229148411114
70,8,250,-5.31529044697051,250,-11.4813277030209
75,8,250,-4.99107110415641,250,-11.1571083602068
80,8,250,-4.48615166019574,250,-10.6521889162462
85,8,250,-3.92343965140364,250,-10.0894769074541
90,8,250,-3.3894005333339,250,-9.55543778938432
0,8,255,-1.14117244983355,255,-7.30720970588397
5,8,255,-1.06616536988737,255,-7.23220262593779
10,8,255,-1.03511601818203,255,-7.20115327423245
15,8,255,-1.08096748259698,255,-7.24700473864739
20,8,255,-1.23314498459628,255,-7.3991822406467
25,8,255,-1.51055290180641,255,-7.67659015785683
30,8,255,-1.91724680716005,255,-8.08328406321047
35,8,255,-2.44036188588709,255,-8.60639914193751
40,8,255,-3.04899154502955,255,-9.21502880107997
45,8,255,-3.69359389779732,255,-9.85963115384774
50,8,255,-4.30678487118399,255,-10.4728221272344
55,8,255,-4.80508833804079,255,-10.9711255940912
60,8,255,-5.09399664839824,255,-11.2600339044487
65,8,255,-5.09328571703221,255,-11.2593229730826
70,8,255,-4.78972599923713,255,-10.9557632552875
75,8,255,-4.26446740402907,255,-10.4305046600795
80,8,255,-3.64732310648365,255,-9.81336036253406
85,8,255,-3.04800578686121,255,-9.21404304291163
90,8,255,-2.52664744368903,255,-8.69268469973945
0,8,260,-1.74909655260685,260,-7.91513380865726
5,8,260,-1.65542113727918,260,-7.82145839332959
10,8,260,-1.58835326135085,260,-7.75439051740127
15,8,260,-1.58749587677248,260,-7.75353313282289
20,8,260,-1.68794554767363,260,-7.85398280372405
25,8,260,-1.91220581365531,260,-8.07824306970573
30,8,260,-2.26579804615216,260,-8.43183530220258
35,8,260,-2.73526846280842,260,-8.90130571885883
40,8,260,-3.28577670556022,260,-9.45181396161064
45,8,260,-3.85756169020176,260,-10.0235989462522
50,8,260,-4.36557114986584,260,-10.5316084059163
55,8,260,-4.70835452357886,260,-10.8743917796293
60,8,260,-4.79144516609667,260,-10.9574824221471
65,8,260,-4.56902394534923,260,-10.7350612013996
70,8,260,-4.08252773208656,260,-10.248564988137
75,8,260,-3.44719011577239,260,-9.61322737182281
80,8,260,-2.78926957239548,260,-8.95530682844589
85,8,260,-2.19593198378433,260,-8.36196923983475
90,8,260,-1.70625320491901,260,-7.87229046096943
0,8,265,-2.32483838328945,265,-8.49087563933987
5,8,265,-2.21787190568327,265,-8.38390916173369
10,8,265,-2.11387251597722,265,-8.27990977202764
15,8,265,-2.05809048501176,265,-8.22412774106217
20,8,265,-2.09040372117411,265,-8.25644097722452
25,8,265,-2.23618591605784,265,-8.40222317210826
30,8,265,-2.50241664151078,265,-8.6684538975612
35,8,265,-2.87664707667947,265,-9.04268433272989
40,8,265,-3.32414366705568,265,-9.49018092310609
45,8,265,-3.78209189187194,265,-9.94812914792236
50,8,265,-4.15855220052825,265,-10.3245894565787
55,8,265,-4.34797706548889,265,-10.5140143215393
60,8,265,-4.26765898742478,265,-10.4336962434752
65,8,265,-3.90247017746459,265,-10.068507433515
70,8,265,-3.32294627668576,265,-9.48898353273617
75,8,265,-2.64997146817556,265,-8.81600872422597
80,8,265,-1.99549746695661,265,-8.16153472300702
85,8,265,-1.42860601274818,265,-7.5946432687986
90,8,265,-0.975702335046335,265,-7.14173959109675
0,8,270,-2.80142282363571,270,-8.96746007968613
5,8,270,-2.68990555375452,270,-8.85594280980494
10,8,270,-2.55228483353865,270,-8.71832208958906
15,8,270,-2.43762858060597,270,-8.60366583665639
20,8,270,-2.38969719703867,270,-8.55573445308909
25,8,270,-2.43671989831328,270,-8.60275715436369
30,8,270,-2.58832065393048,270,-8.7543579099809
35,8,270,-2.83592817750329,270,-9.00196543355371
40,8,270,-3.15011349719713,270,-9.31615075324755
45,8,270,-3.473469015081,270,-9.63950627113142
50,8,270,-3.71888482935887,270,-9.88492208540929
55,8,270,-3.78751473569256,270,-9.95355199174298
60,8,270,-3.60877313422438,270,-9.77481039027479
65,8,270,-3.181477887113,270,-9.34751514316342
70,8,270,-2.58067300018078,270,-8.7467102562312
75,8,270,-1.91835592694312,270,-8.08439318299354
80,8,270,-1.29238146179998,270,-7.4584187178504
85,8,270,-0.760837913432954,270,-6.92687516948337
90,8,270,-0.344337619841821,270,-6.51037487589224
0,8,275,-3.12664841076945,275,-9.29268566681987
5,8,275,-3.02045748325458,275,-9.186494739305
10,8,275,-2.85605845610377,275,-9.02209571215419
15,8,275,-2.68388981363876,275,-8.84992706968918
20,8,275,-2.55091602310387,275,-8.71695327915429
25,8,275,-2.48913472201557,275,-8.65517197806599
30,8,275,-2.51300873077841,275,-8.67904598682883
35,8,275,-2.62090406120837,275,-8.78694131725879
40,8,275,-2.79265082361663,275,-8.95868807966705
45,8,275,-2.98197819477762,275,-9.14801545082804
50,8,275,-3.11411376054772,275,-9.28015101659814
55,8,275,-3.10212826189787,275,-9.26816551794828
60,8,275,-2.88338153658697,275,-9.04941879263739
65,8,275,-2.45589422292663,275,-8.62193147897705
70,8,275,-1.88375492796447,275,-8.04979218401489
75,8,275,-1.26363059766646,275,-7.42966785371688
80,8,275,-0.68146409191269,275,-6.84750134796311
85,8,275,-0.189701708805308,275,-6.35573896485572
90,8,275,0.192124163234987,275,-5.97391309281543
0,8,280,-3.28046072604006,280,-9.44649798209048
5,8,280,-3.18700770454449,280,-9.35304496059491
10,8,280,-3.00389976902319,280,-9.1699370250736
15,8,280,-2.78040901308587,280,-8.94644626913629
20,8,280,-2.56613358668031,280,-8.73217084273073
25,8,280,-2.39799516604005,280,-8.56403242209047
30,8,280,-2.29721499650635,280,-8.46325225255676
35,8,280,-2.27070080044208,280,-8.4367380564925
40,8,280,-2.30869381789262,280,-8.47473107394304
45,8,280,-2.37778806651344,280,-8.54382532256386
50,8,280,-2.41838150698142,280,-8.58441876303184
55,8,280,-2.35745414029639,280,-8.52349139634681
60,8,280,-2.13795883520845,280,-8.30399609125887
65,8,280,-1.74992863602518,280,-7.91596589207559
70,8,280,-1.23894638366714,280,-7.40498363971755
75,8,280,-0.682765924630328,280,-6.84880318068075
80,8,280,-0.155955749781167,280,-6.32199300583158
85,8,280,0.292161993201195,280,-5.87387526284922
90,8,280,0.640497336013185,280,-5.52553992003723
0,8,285,-3.28558857024142,285,-9.45162582629184
5,8,285,-3.20704452356263,285,-9.37308177961305
10,8,285,-3.01156478244567,285,-9.17760203849609
15,8,285,-2.74533764286843,285,-8.91137489891884
20,8,285,-2.45987445323178,285,-8.6259117092822
25,8,285,-2.19741714241571,285,-8.36345439846612
30,8,285,-1.98641096231192,285,-8.15244821836234
35,8,285,-1.84190629749107,285,-8.00794355354148
40,8,285,-1.76345209591886,285,-7.92948935196927
45,8,285,-1.72966390661347,285,-7.89570116266389
50,8,285,-1.69616263914149,285,-7.86219989519191
55,8,285,-1.60453671605922,285,-7.77057397210964
60,8,285,-1.40379224344433,285,-7.56982949949475
65,8,285,-1.0753359494969,285,-7.24137320554732
70,8,285,-0.644401283337233,285,-6.81043853938765
75,8,285,-0.167586137182938,285,-6.33362339323335
80,8,285,0.293456992551753,285,-5.87258026349866
85,8,285,0.692861289597699,285,-5.47317596645272
90,8,285,1.00739071216466,285,-5.15864654388576
0,8,290,-3.2039752220339,290,-9.37001247808432
5,8,290,-3.13714520208785,290,-9.30318245813827
10,8,290,-2.93171520378215,290,-9.09775245983256
15,8,290,-2.63003212187803,290,-8.79606937792845
20,8,290,-2.28473218523834,290,-8.45076944128876
25,8,290,-1.94277177178731,290,-8.10880902783773
30,8,290,-1.63888608725217,290,-7.80492334330259
35,8,290,-1.39470285073181,290,-7.56074010678222
40,8,290,-1.21720382392454,290,-7.38324107997496
45,8,290,-1.09528894305898,290,-7.2613261991094
50,8,290,-0.998499828425768,290,-7.16453708447618
55,8,290,-0.882763764413278,290,-7.04880102046369
60,8,290,-0.704708891396555,290,-6.87074614744697
65,8,290,-0.440153134278016,290,-6.60619039032843
70,8,290,-0.0962676617242531,290,-6.26230491777467
75,8,290,0.291896352140886,290,-5.87414090390953
80,8,290,0.678077824808673,290,-5.48795943124174
85,8,290,1.02243071690475,290,-5.14360653914567
90,8,290,1.30097309056264,290,-4.86506416548777
0,8,295,-3.12255180999494,295,-9.28858906604536
5,8,295,-3.06077855478578,295,-9.2268158108362
10,8,295,-2.84285207012466,295,-9.00888932617507
15,8,295,-2.50790916527178,295,-8.67394642132219
20,8,295,-2.10947639116843,295,-8.27551364721885
25,8,295,-1.69841011686362,295,-7.86444737291404
30,8,295,-1.31442860947058,295,-7.480465865521
35,8,295,-0.984142231798734,295,-7.15017948784915
40,8,295,-0.720273088209216,295,-6.88631034425963
45,8,295,-0.520101995043913,295,-6.68613925109433
50,8,295,-0.364979603476637,295,-6.53101685952705
55,8,295,-0.223780766468415,295,-6.38981802251883
60,8,295,-0.0617668119028062,295,-6.22780406795322
65,8,295,0.146816441687777,295,-6.01922081436264
70,8,295,0.408043149752678,295,-5.75799410629774
75,8,295,0.706261634465355,295,-5.45977562158506
80,8,295,1.0122100403946,295,-5.15382721565582
85,8,295,1.29552422254138,295,-4.87051303350904
90,8,295,1.53441580368203,295,-4.63162145236838
0,8,300,-3.13791572393671,300,-9.30395297998713
5,8,300,-3.07292624544625,300,-9.23896350149666
10,8,300,-2.83417422286543,300,-9.00021147891585
15,8,300,-2.45984163828501,300,-8.62587889433542
20,8,300,-2.00564115867693,300,-8.17167841472735
25,8,300,-1.52650292288256,300,-7.69254017893298
30,8,300,-1.06646653556014,300,-7.23250379161056
35,8,300,-0.656054637954163,300,-6.82209189400458
40,8,300,-0.31232649174711,300,-6.47836374779753
45,8,300,-0.0388918001854869,300,-6.2049290562359
50,8,300,0.173822100246355,300,-5.99221515580406
55,8,300,0.346428099129938,300,-5.81960915692048
60,8,300,0.505317010091498,300,-5.66072024595892
65,8,300,0.674638039413475,300,-5.49139921663694
70,8,300,0.868193862844514,300,-5.2978433932059
75,8,300,1.08528733340157,300,-5.08074992264884
80,8,300,1.31290119302964,300,-4.85313606302078
85,8,300,1.53262890656479,300,-4.63340834948562
90,8,300,1.72821501498727,300,-4.43782224106315
0,8,305,-3.34399695275704,305,-9.51003420880746
5,8,305,-3.26637006135209,305,-9.43240731740251
10,8,305,-2.99116454188689,305,-9.1572017979373
15,8,305,-2.56024584129617,305,-8.72628309734659
20,8,305,-2.03549308544816,305,-8.20153034149858
25,8,305,-1.47798511763936,305,-7.64402237368978
30,8,305,-0.936410875506503,305,-7.10244813155692
35,8,305,-0.444455024062634,305,-6.61049228011305
40,8,305,-0.0219824904897172,305,-6.18801974654013
45,8,305,0.323481811931082,305,-5.84255544411934
50,8,305,0.595622152112354,305,-5.57041510393806
55,8,305,0.807659032627229,305,-5.35837822342319
60,8,305,0.979137633394279,305,-5.18689962265614
65,8,305,1.13102040305846,305,-5.03501685299196
70,8,305,1.28019329635065,305,-4.88584395969976
75,8,305,1.43543028089427,305,-4.73060697515615
80,8,305,1.59657735148566,305,-4.56945990456476
85,8,305,1.75710251346286,305,-4.40893474258755
90,8,305,1.90838469215064,305,-4.25765256389978
0,8,310,-3.81496188111991,310,-9.98099913717033
5,8,310,-3.71346532891107,310,-9.87950258496149
10,8,310,-3.37694764081469,310,-9.54298489686511
15,8,310,-2.85965570478146,310,-9.02569296083188
20,8,310,-2.23746204951711,310,-8.40349930556753
25,8,310,-1.5816631061919,310,-7.74770036224231
30,8,310,-0.946274212459468,310,-7.11231146850988
35,8,310,-0.366891245977323,310,-6.53292850202774
40,8,310,0.136044928379858,310,-6.02999232767056
45,8,310,0.5539976369414,310,-5.61203961910902
50,8,310,0.888136374392943,310,-5.27790088165747
55,8,310,1.14757481991399,310,-5.01846243613643
60,8,310,1.34718211221958,310,-4.81885514383084
65,8,310,1.50459468457961,310,-4.6614425714708
70,8,310,1.63676836779795,310,-4.52926888825247
75,8,310,1.75694550708618,310,-4.40909174896424
80,8,310,1.87296698086889,310,-4.29307027518153
85,8,310,1.98735687957577,310,-4.17868037647464
90,8,310,2.09882095991,310,-4.06721629614042
0,8,315,-4.55562064234017,315,-10.7216578983906
5,8,315,-4.41787456532292,315,-10.5839118213733
10,8,315,-3.98822336566987,315,-10.1542606217203
15,8,315,-3.34773357652249,315,-9.5137708325729
20,8,315,-2.59759350219893,315,-8.76363075824934
25,8,315,-1.82352164542092,315,-7.98955890147133
30,8,315,-1.08410051381454,315,-7.25013776986496
35,8,315,-0.414129006289967,315,-6.58016626234038
40,8,315,0.168460450674087,315,-5.99757680537633
45,8,315,0.657175404586452,315,-5.50886185146396
50,8,315,1.05367643262117,315,-5.11236082342924
55,8,315,1.36576766561959,315,-4.80026959043083
60,8,315,1.6057302477728,315,-4.56030700827762
65,8,315,1.78848287905274,315,-4.37755437699768
70,8,315,1.92952743984921,315,-4.2365098162012
75,8,315,2.04296327217348,315,-4.12307398387693
80,8,315,2.13995399118333,315,-4.02608326486709
85,8,315,2.22792114311717,315,-3.93811611293325
90,8,315,2.31049962982959,315,-3.85553762622082
0,8,320,-5.35634974504358,320,-11.522387001094
5,8,320,-5.17957272522293,320,-11.3456099812733
10,8,320,-4.64434739517032,320,-10.8103846512207
15,8,320,-3.8712556688196,320,-10.03729292487
20,8,320,-2.99302606027954,320,-9.15906331632995
25,8,320,-2.10882691980498,320,-8.2748641758554
30,8,320,-1.27825860011724,320,-7.44429585616766
35,8,320,-0.532087169692804,320,-6.69812442574322
40,8,320,0.116571529503639,320,-6.04946572654678
45,8,320,0.664964082059115,320,-5.5010731739913
50,8,320,1.11672346676575,320,-5.04931378928466
55,8,320,1.47976913240101,320,-4.68626812364941
60,8,320,1.76498659866626,320,-4.40105065738415
65,8,320,1.98508271083796,320,-4.18095454521246
70,8,320,2.15340203675151,320,-4.0126352192989
75,8,320,2.28272803055524,320,-3.88330922549517
80,8,320,2.38419380829033,320,-3.78184344776009
85,8,320,2.46643490265837,320,-3.69960235339204
90,8,320,2.53507541537919,320,-3.63096184067122
0,8,325,-5.58283336234573,325,-11.7488706183962
5,8,325,-5.4041405861046,325,-11.570177842155
10,8,325,-4.84603936589527,325,-11.0120766219457
15,8,325,-4.04270331752126,325,-10.2087405735717
20,8,325,-3.13577049494579,325,-9.3018077509962
25,8,325,-2.22660566492262,325,-8.39264292097304
30,8,325,-1.37335147261783,325,-7.53938872866824
35,8,325,-0.604314593733921,325,-6.77035184978434
40,8,325,0.0695756110411083,325,-6.09646164500931
45,8,325,0.646946571841506,325,-5.51909068420891
50,8,325,1.13176252812045,325,-5.03427472792997
55,8,325,1.53115256460357,325,-4.63488469144685
60,8,325,1.85420669517827,325,-4.31183056087214
65,8,325,2.11114020146696,325,-4.05489705458345
70,8,325,2.31255356506233,325,-3.85348369098809
75,8,325,2.46870720938561,325,-3.69733004666481
80,8,325,2.58882690003843,325,-3.57721035601199
85,8,325,2.68049511114245,325,-3.48554214490796
90,8,325,2.74919448286575,325,-3.41684277318467
0,8,330,-4.59171400067868,330,-10.7577512567291
5,8,330,-4.4738293183883,330,-10.6398665744387
10,8,330,-4.05816502210145,330,-10.2242022781519
15,8,330,-3.42940761530184,330,-9.59544487135226
20,8,330,-2.68775921335319,330,-8.85379646940361
25,8,330,-1.91511527297662,330,-8.08115252902704
30,8,330,-1.16564711679597,330,-7.33168437284639
35,8,330,-0.470341327325009,330,-6.63637858337542
40,8,330,0.155465559512889,330,-6.01057169653753
45,8,330,0.706058255728921,330,-5.4599790003215
50,8,330,1.18144938279543,330,-4.98458787325499
55,8,330,1.58506172870708,330,-4.58097552734334
60,8,330,1.9223471119459,330,-4.24369014410452
65,8,330,2.19989498205377,330,-3.96614227399664
70,8,330,2.42477498058791,330,-3.74126227546251
75,8,330,2.60399171022452,330,-3.5620455458259
80,8,330,2.74401110097588,330,-3.42202615507454
85,8,330,2.85036199054889,330,-3.31567526550153
90,8,330,2.92733801436978,330,-3.23869924168064
0,8,335,-2.74515601089143,335,-8.91119326694185
5,8,335,-2.69320136481003,335,-8.85923862086045
10,8,335,-2.46449431800448,335,-8.6305315740549
15,8,335,-2.09114704845124,335,-8.25718430450165
20,8,335,-1.61847780631584,335,-7.78451506236626
25,8,335,-1.09213841558327,335,-7.25817567163369
30,8,335,-0.550080865078619,335,-6.71611812112904
35,8,335,-0.0200310472976396,335,-6.18606830334806
40,8,335,0.479687149581426,335,-5.68635010646899
45,8,335,0.938123960933374,335,-5.22791329511704
50,8,335,1.34965791104379,335,-4.81637934500662
55,8,335,1.71234656621544,335,-4.45369068983498
60,8,335,2.02670625155878,335,-4.13933100449164
65,8,335,2.2948267778234,335,-3.87121047822701
70,8,335,2.51971739179352,335,-3.6463198642569
75,8,335,2.70480817463064,335,-3.46122908141978
80,8,335,2.85356304152609,335,-3.31247421452433
85,8,335,2.96918514027344,335,-3.19685211577698
90,8,335,3.0544109851617,335,-3.11162627088872
0,8,340,-0.829738591502551,340,-6.99577584755297
5,8,340,-0.812883181653029,340,-6.97892043770345
10,8,340,-0.705766827275166,340,-6.87180408332558
15,8,340,-0.517962638575253,340,-6.68399989462567
20,8,340,-0.264990872374593,340,-6.43102812842501
25,8,340,0.0347184427553708,340,-6.13131881329505
30,8,340,0.362685746789051,340,-5.80335150926137
35,8,340,0.702383784940082,340,-5.46365347111034
40,8,340,1.04024632197515,340,-5.12579093407527
45,8,340,1.36589734037296,340,-4.80013991567745
50,8,340,1.6719100700004,340,-4.49412718605002
55,8,340,1.95335168209591,340,-4.21268557395451
60,8,340,2.2072748900526,340,-3.95876236599782
65,8,340,2.43223861627374,340,-3.73379863977668
70,8,340,2.6278905279006,340,-3.53814672814982
75,8,340,2.79461947509523,340,-3.37141778095519
80,8,340,2.93327624669648,340,-3.23276100935394
85,8,340,3.04495889243724,340,-3.12107836361317
90,8,340,3.1308593346878,340,-3.03517792136261
0,8,345,0.766676513294997,345,-5.39936074275542
5,8,345,0.77058016160805,345,-5.39545709444237
10,8,345,0.81651895239916,345,-5.34951830365126
15,8,345,0.901891482350178,345,-5.26414577370024
20,8,345,1.02205702057549,345,-5.14398023547493
25,8,345,1.17089946398607,345,-4.99513779206434
30,8,345,1.34148890937018,345,-4.82454834668023
35,8,345,1.5267132477731,345,-4.63932400827731
40,8,345,1.719790245301,345,-4.44624701074942
45,8,345,1.91462068422341,345,-4.251416571827
50,8,345,2.10598516563457,345,-4.06005209041585
55,8,345,2.28961219659317,345,-3.87642505945724
60,8,345,2.46215408137018,345,-3.70388317468024
65,8,345,2.62110539551655,345,-3.54493186053387
70,8,345,2.76469216027261,345,-3.4013450957778
75,8,345,2.89175218829401,345,-3.2742850677564
80,8,345,3.00162039669814,345,-3.16441685935228
85,8,345,3.09402774824887,345,-3.07200950780155
90,8,345,3.16901873704746,345,-2.99701851900295
0,8,350,1.95503232339762,350,-4.21100493265279
5,8,350,1.95583273006389,350,-4.21020452598653
10,8,350,1.97366744421296,350,-4.19236981183745
15,8,350,2.00790838105306,350,-4.15812887499736
20,8,350,2.05734776467247,350,-4.10868949137795
25,8,350,2.12028498297398,350,-4.04575227307644
30,8,350,2.19464150257189,350,-3.97139575347852
35,8,350,2.27808979383556,350,-3.88794746221486
40,8,350,2.36818242909554,350,-3.79785482695487
45,8,350,2.46246993680484,350,-3.70356731924557
50,8,350,2.55859966460528,350,-3.60743759144514
55,8,350,2.65439182264307,350,-3.51164543340735
60,8,350,2.74789228398026,350,-3.41814497207016
65,8,350,2.83740420539583,350,-3.32863305065459
70,8,350,2.92150201452831,350,-3.24453524152211
75,8,350,2.9990319156632,350,-3.16700534038721
80,8,350,3.06910301899122,350,-3.0969342370592
85,8,350,3.13107272776015,350,-3.03496452829027
90,8,350,3.18452931738133,350,-2.98150793866909
0,8,355,2.74932671317198,355,-3.41671054287844
5,8,355,2.74990401083695,355,-3.41613324521347
10,8,355,2.75528740164664,355,-3.41074985440378
15,8,355,2.76537053480632,355,-3.40066672124409
20,8,355,2.77993800988165,355,-3.38609924616876
25,8,355,2.79867391668344,355,-3.36736333936698
30,8,355,2.82117404777428,355,-3.34486320827613
35,8,355,2.8469609972688,355,-3.31907625878162
40,8,355,2.87550123056219,355,-3.29053602548822
45,8,355,2.90622316829141,355,-3.25981408775901
50,8,355,2.93853536848084,355,-3.22750188756958
55,8,355,2.97184399802203,355,-3.19419325802838
60,8,355,3.00556893706272,355,-3.1604683189877
65,8,355,3.03915803447807,355,-3.12687922157235
70,8,355,3.07209920816749,355,-3.09393804788292
75,8,355,3.10393024362292,355,-3.0621070124275
80,8,355,3.13424627679307,355,-3.03179097925735
85,8,355,3.16270504714745,355,-3.00333220890297
90,8,355,3.18903007341134,355,-2.97700718263907
0,8,360,3.18844467126906,360,-2.97759258478136
5,8,360,3.18844467126906,360,-2.97759258478136
10,8,360,3.18844467126906,360,-2.97759258478135
15,8,360,3.18844467126906,360,-2.97759258478136
20,8,360,3.18844467126906,360,-2.97759258478136
25,8,360,3.18844467126906,360,-2.97759258478136
30,8,360,3.18844467126906,360,-2.97759258478136
35,8,360,3.18844467126906,360,-2.97759258478136
40,8,360,3.18844467126906,360,-2.97759258478136
45,8,360,3.18844467126906,360,-2.97759258478136
50,8,360,3.18844467126906,360,-2.97759258478136
55,8,360,3.18844467126906,360,-2.97759258478136
60,8,360,3.18844467126906,360,-2.97759258478135
65,8,360,3.18844467126906,360,-2.97759258478136
70,8,360,3.18844467126906,360,-2.97759258478136
75,8,360,3.18844467126906,360,-2.97759258478136
80,8,360,3.18844467126906,360,-2.97759258478136
85,8,360,3.18844467126906,360,-2.97759258478136
90,8,360,3.18844467126906,360,-2.97759258478136
