freq_ghz,phi_deg,linear_pol_deg,strategy,baseline,valid_percent,pdoa_span_deg,pdoa_start_deg,pdoa_end_deg,monotonic_segment_percent,min_pair_mag_rel_db,rms_bias_vs_pol0_deg,mean_abs_bias_vs_pol0_deg,max_abs_bias_vs_pol0_deg,valid_count,total_count,strategy_note
7.738000,45.000000,0.000000,calibrated_2x2_vector_correlation,E1-E3,100.000000,513.550420,-53.812154,-53.812154,68.055556,-3.189610,0.000000,0.000000,0.000000,73,73,
7.738000,45.000000,45.000000,calibrated_2x2_vector_correlation,E1-E3,100.000000,274.503249,-52.402703,-52.402703,50.000000,-2.972819,67.176210,47.002040,178.153346,73,73,
7.738000,45.000000,90.000000,calibrated_2x2_vector_correlation,E1-E3,100.000000,399.035758,-50.510719,309.489281,68.055556,-3.271237,90.892139,63.657734,177.321886,73,73,
7.738000,45.000000,135.000000,calibrated_2x2_vector_correlation,E1-E3,100.000000,467.000184,-51.976438,308.023562,77.777778,-2.786058,51.307504,33.983034,157.690807,73,73,
7.738000,45.000000,0.000000,calibrated_2x2_vector_correlation,E2-E4,100.000000,346.232812,-137.301081,-137.301081,69.444444,-2.352128,0.000000,0.000000,0.000000,73,73,
7.738000,45.000000,45.000000,calibrated_2x2_vector_correlation,E2-E4,100.000000,470.299656,-141.334911,218.665089,76.388889,-2.483850,55.614413,35.542628,159.350752,73,73,
7.738000,45.000000,90.000000,calibrated_2x2_vector_correlation,E2-E4,100.000000,273.075199,-145.762815,-145.762815,59.722222,-2.884830,86.780964,60.638740,177.616280,73,73,
7.738000,45.000000,135.000000,calibrated_2x2_vector_correlation,E2-E4,100.000000,271.744307,-141.328132,-141.328132,50.000000,-2.525101,66.705248,46.141871,177.759708,73,73,
7.738000,45.000000,0.000000,calibrated_2x2_vector_correlation,E1-E2,100.000000,174.543721,38.063924,38.063924,59.722222,-2.426891,0.000000,0.000000,0.000000,73,73,
7.738000,45.000000,45.000000,calibrated_2x2_vector_correlation,E1-E2,100.000000,439.175947,24.624895,-335.375105,68.055556,-2.588889,52.041269,33.313664,161.188623,73,73,
7.738000,45.000000,90.000000,calibrated_2x2_vector_correlation,E1-E2,100.000000,363.493997,44.351096,-315.648904,75.000000,-2.099516,78.833228,44.700157,178.341102,73,73,
7.738000,45.000000,135.000000,calibrated_2x2_vector_correlation,E1-E2,100.000000,289.842486,57.212447,57.212447,59.722222,-2.526782,54.668764,34.985014,168.320495,73,73,
7.738000,45.000000,0.000000,calibrated_2x2_vector_correlation,E2-E3,100.000000,360.000000,-91.087616,268.912384,80.555556,-3.110769,0.000000,0.000000,0.000000,73,73,
7.738000,45.000000,45.000000,calibrated_2x2_vector_correlation,E2-E3,100.000000,316.573855,-76.252712,-76.252712,61.111111,-2.743366,43.445326,26.083594,177.232911,73,73,
7.738000,45.000000,90.000000,calibrated_2x2_vector_correlation,E2-E3,100.000000,360.000000,-90.156438,269.843562,75.000000,-2.783973,35.694681,22.713616,101.614833,73,73,
7.738000,45.000000,135.000000,calibrated_2x2_vector_correlation,E2-E3,100.000000,339.643173,-108.663681,-108.663681,63.888889,-2.569612,52.944498,34.109570,178.504538,73,73,
7.738000,45.000000,0.000000,calibrated_2x2_vector_correlation,E3-E4,100.000000,193.906443,-44.997548,-44.997548,54.166667,-3.110769,0.000000,0.000000,0.000000,73,73,
7.738000,45.000000,45.000000,calibrated_2x2_vector_correlation,E3-E4,100.000000,309.315313,-64.725803,-64.725803,66.666667,-2.968936,57.121257,37.434017,175.839833,73,73,
7.738000,45.000000,90.000000,calibrated_2x2_vector_correlation,E3-E4,100.000000,360.737809,-54.269283,-414.269283,80.555556,-2.636642,75.852914,46.200961,179.383678,73,73,
7.738000,45.000000,135.000000,calibrated_2x2_vector_correlation,E3-E4,100.000000,455.641414,-32.563573,-392.563573,76.388889,-2.615436,47.533387,31.443035,167.153067,73,73,
7.738000,45.000000,0.000000,calibrated_2x2_vector_correlation,E4-E1,100.000000,360.000000,96.993545,-263.006455,79.166667,-2.959802,0.000000,0.000000,0.000000,73,73,
7.738000,45.000000,45.000000,calibrated_2x2_vector_correlation,E4-E1,100.000000,334.738371,116.062288,116.062288,65.277778,-3.198389,56.396152,36.474804,176.525418,73,73,
7.738000,45.000000,90.000000,calibrated_2x2_vector_correlation,E4-E1,100.000000,360.000000,98.315581,-261.684419,75.000000,-3.372094,34.283601,22.906859,78.405589,73,73,
7.738000,45.000000,135.000000,calibrated_2x2_vector_correlation,E4-E1,100.000000,314.201645,82.636315,82.636315,59.722222,-2.831882,43.883247,26.560197,169.428312,73,73,
7.738000,60.000000,0.000000,calibrated_2x2_vector_correlation,E1-E3,100.000000,320.819040,-53.678769,-53.678769,73.611111,-2.809295,0.000000,0.000000,0.000000,73,73,
7.738000,60.000000,45.000000,calibrated_2x2_vector_correlation,E1-E3,100.000000,278.138350,-51.568511,-51.568511,59.722222,-2.945033,67.881975,47.125421,176.538763,73,73,
7.738000,60.000000,90.000000,calibrated_2x2_vector_correlation,E1-E3,100.000000,175.122059,-50.604018,-50.604018,52.777778,-3.843063,93.166755,68.513713,179.819690,73,73,
7.738000,60.000000,135.000000,calibrated_2x2_vector_correlation,E1-E3,100.000000,360.000000,-52.850649,307.149351,77.777778,-3.003510,49.775539,31.527971,161.817993,73,73,
7.738000,60.000000,0.000000,calibrated_2x2_vector_correlation,E2-E4,100.000000,360.000000,-137.852290,222.147710,79.166667,-2.700793,0.000000,0.000000,0.000000,73,73,
7.738000,60.000000,45.000000,calibrated_2x2_vector_correlation,E2-E4,100.000000,475.823423,-143.462900,216.537100,79.166667,-2.159144,49.888065,26.060430,179.774798,73,73,
7.738000,60.000000,90.000000,calibrated_2x2_vector_correlation,E2-E4,100.000000,398.213641,-145.182731,214.817269,77.777778,-2.276011,68.072613,42.136031,157.237892,73,73,
7.738000,60.000000,135.000000,calibrated_2x2_vector_correlation,E2-E4,100.000000,398.334531,-139.229703,-139.229703,59.722222,-2.953168,54.842013,36.369703,146.028530,73,73,
7.738000,60.000000,0.000000,calibrated_2x2_vector_correlation,E1-E2,100.000000,306.391636,30.519789,30.519789,79.166667,-2.233848,0.000000,0.000000,0.000000,73,73,
7.738000,60.000000,45.000000,calibrated_2x2_vector_correlation,E1-E2,100.000000,373.424924,27.892471,-332.107529,91.666667,-2.575950,47.418240,26.300514,175.767996,73,73,
7.738000,60.000000,90.000000,calibrated_2x2_vector_correlation,E1-E2,100.000000,360.000000,52.467430,-307.532570,86.111111,-2.466352,66.197334,44.074866,178.764542,73,73,
7.738000,60.000000,135.000000,calibrated_2x2_vector_correlation,E1-E2,100.000000,296.367207,53.360825,53.360825,69.444444,-2.268732,49.346333,30.821305,179.634099,73,73,
7.738000,60.000000,0.000000,calibrated_2x2_vector_correlation,E2-E3,100.000000,360.000000,-83.194355,276.805645,91.666667,-2.809295,0.000000,0.000000,0.000000,73,73,
7.738000,60.000000,45.000000,calibrated_2x2_vector_correlation,E2-E3,100.000000,307.281659,-77.820010,-77.820010,65.277778,-2.551432,50.774847,30.764444,174.336757,73,73,
7.738000,60.000000,90.000000,calibrated_2x2_vector_correlation,E2-E3,100.000000,360.000000,-98.756229,261.243771,76.388889,-3.400794,33.547820,23.468753,83.352755,73,73,
7.738000,60.000000,135.000000,calibrated_2x2_vector_correlation,E2-E3,100.000000,440.067947,-106.473356,253.526644,70.833333,-3.003185,55.201317,35.301345,179.796797,73,73,
7.738000,60.000000,0.000000,calibrated_2x2_vector_correlation,E3-E4,100.000000,361.533714,-53.655701,306.344299,81.944444,-3.041355,0.000000,0.000000,0.000000,73,73,
7.738000,60.000000,45.000000,calibrated_2x2_vector_correlation,E3-E4,100.000000,360.000000,-64.986520,295.013480,90.277778,-2.551432,62.282638,36.858376,173.381293,73,73,
7.738000,60.000000,90.000000,calibrated_2x2_vector_correlation,E3-E4,100.000000,360.000000,-45.249920,314.750080,84.722222,-3.400794,62.892912,36.665524,174.190341,73,73,
7.738000,60.000000,135.000000,calibrated_2x2_vector_correlation,E3-E4,100.000000,307.330705,-32.642599,-32.642599,61.111111,-3.034848,43.379649,26.624253,167.181435,73,73,
7.738000,60.000000,0.000000,calibrated_2x2_vector_correlation,E4-E1,100.000000,360.000000,105.514597,-254.485403,73.611111,-2.932844,0.000000,0.000000,0.000000,73,73,
7.738000,60.000000,45.000000,calibrated_2x2_vector_correlation,E4-E1,100.000000,325.356766,114.351888,114.351888,63.888889,-2.907585,46.575817,29.011509,157.351504,73,73,
7.738000,60.000000,90.000000,calibrated_2x2_vector_correlation,E4-E1,100.000000,360.000000,89.742597,-270.257403,80.555556,-3.174032,35.424738,26.012437,96.208035,73,73,
7.738000,60.000000,135.000000,calibrated_2x2_vector_correlation,E4-E1,100.000000,343.075576,84.469981,84.469981,61.111111,-3.035173,43.170474,26.220312,160.915867,73,73,
7.738000,75.000000,0.000000,calibrated_2x2_vector_correlation,E1-E3,100.000000,324.778363,-53.166609,-53.166609,84.722222,-3.029251,0.000000,0.000000,0.000000,73,73,
7.738000,75.000000,45.000000,calibrated_2x2_vector_correlation,E1-E3,100.000000,792.447135,-50.872875,-770.872875,70.833333,-3.690128,55.137048,36.354763,168.078842,73,73,
7.738000,75.000000,90.000000,calibrated_2x2_vector_correlation,E1-E3,100.000000,223.636607,-51.144286,-51.144286,51.388889,-3.183664,82.287427,57.984957,178.438501,73,73,
7.738000,75.000000,135.000000,calibrated_2x2_vector_correlation,E1-E3,100.000000,364.676382,-53.518124,306.481876,88.888889,-3.058097,44.620661,26.968669,173.599423,73,73,
7.738000,75.000000,0.000000,calibrated_2x2_vector_correlation,E2-E4,100.000000,720.000000,-139.303173,580.696827,79.166667,-2.533449,0.000000,0.000000,0.000000,73,73,
7.738000,75.000000,45.000000,calibrated_2x2_vector_correlation,E2-E4,100.000000,360.000000,-145.109274,214.890726,84.722222,-2.542089,40.422295,23.580528,155.577253,73,73,
7.738000,75.000000,90.000000,calibrated_2x2_vector_correlation,E2-E4,100.000000,477.800217,-143.531389,-143.531389,63.888889,-2.847460,76.830774,49.632297,174.639241,73,73,
7.738000,75.000000,135.000000,calibrated_2x2_vector_correlation,E2-E4,100.000000,720.000000,-137.783722,582.216278,77.777778,-2.662873,27.642399,18.956614,77.963083,73,73,
7.738000,75.000000,0.000000,calibrated_2x2_vector_correlation,E1-E2,100.000000,360.000000,25.662162,-334.337838,81.944444,-1.960282,0.000000,0.000000,0.000000,73,73,
7.738000,75.000000,45.000000,calibrated_2x2_vector_correlation,E1-E2,100.000000,360.000000,35.105925,-324.894075,90.277778,-2.820415,42.880553,22.007962,160.026891,73,73,
7.738000,75.000000,90.000000,calibrated_2x2_vector_correlation,E1-E2,100.000000,360.000000,57.011756,-302.988244,80.555556,-2.705578,60.909409,39.494320,159.164703,73,73,
7.738000,75.000000,135.000000,calibrated_2x2_vector_correlation,E1-E2,100.000000,360.000000,46.409429,-313.590571,77.777778,-2.307255,38.488032,22.918660,149.290285,73,73,
7.738000,75.000000,0.000000,calibrated_2x2_vector_correlation,E2-E3,100.000000,720.000000,-78.053274,641.946726,93.055556,-2.726970,0.000000,0.000000,0.000000,73,73,
7.738000,75.000000,45.000000,calibrated_2x2_vector_correlation,E2-E3,100.000000,314.289019,-82.635418,-82.635418,68.055556,-2.958174,50.168497,29.711211,177.506241,73,73,
7.738000,75.000000,90.000000,calibrated_2x2_vector_correlation,E2-E3,100.000000,360.000000,-105.742019,254.257981,75.000000,-2.993462,43.304318,29.203508,141.293467,73,73,
7.738000,75.000000,135.000000,calibrated_2x2_vector_correlation,E2-E3,100.000000,720.000000,-99.832601,620.167399,87.500000,-3.058097,43.758654,25.602535,151.740258,73,73,
7.738000,75.000000,0.000000,calibrated_2x2_vector_correlation,E3-E4,100.000000,360.000000,-60.743536,299.256464,81.944444,-2.726970,0.000000,0.000000,0.000000,73,73,
7.738000,75.000000,45.000000,calibrated_2x2_vector_correlation,E3-E4,100.000000,360.000000,-61.374282,298.625718,90.277778,-2.958174,58.177398,30.074998,175.124761,73,73,
7.738000,75.000000,90.000000,calibrated_2x2_vector_correlation,E3-E4,100.000000,360.000000,-37.149125,322.850875,84.722222,-3.050089,56.406213,32.973078,157.822785,73,73,
7.738000,75.000000,135.000000,calibrated_2x2_vector_correlation,E3-E4,100.000000,360.000000,-37.218832,322.781168,68.055556,-3.125938,29.929684,19.289096,132.163093,73,73,
7.738000,75.000000,0.000000,calibrated_2x2_vector_correlation,E4-E1,100.000000,360.000000,112.656550,-247.343450,79.166667,-2.938913,0.000000,0.000000,0.000000,73,73,
7.738000,75.000000,45.000000,calibrated_2x2_vector_correlation,E4-E1,100.000000,314.095125,107.685109,107.685109,70.833333,-3.288052,38.433223,22.217597,175.602534,73,73,
7.738000,75.000000,90.000000,calibrated_2x2_vector_correlation,E4-E1,100.000000,360.000000,84.326235,-275.673765,80.555556,-3.240291,33.734737,24.306512,103.846378,73,73,
7.738000,75.000000,135.000000,calibrated_2x2_vector_correlation,E4-E1,100.000000,348.323113,89.477299,89.477299,66.666667,-2.968936,60.629671,34.152078,173.866397,73,73,
7.738000,90.000000,0.000000,calibrated_2x2_vector_correlation,E1-E3,100.000000,361.945958,-52.402703,-412.402703,58.333333,-3.247867,0.000000,0.000000,0.000000,73,73,
7.738000,90.000000,45.000000,calibrated_2x2_vector_correlation,E1-E3,100.000000,720.000000,-50.510719,-770.510719,97.222222,-3.761813,34.362048,21.408994,148.114898,73,73,
7.738000,90.000000,90.000000,calibrated_2x2_vector_correlation,E1-E3,100.000000,534.287545,-51.976438,308.023562,83.333333,-3.492883,60.600802,27.381325,173.768895,73,73,
7.738000,90.000000,135.000000,calibrated_2x2_vector_correlation,E1-E3,100.000000,722.823108,-53.812154,666.187846,91.666667,-2.141557,42.717729,25.249199,173.904204,73,73,
7.738000,90.000000,0.000000,calibrated_2x2_vector_correlation,E2-E4,100.000000,720.000000,-141.334911,578.665089,79.166667,-2.531132,0.000000,0.000000,0.000000,73,73,
7.738000,90.000000,45.000000,calibrated_2x2_vector_correlation,E2-E4,100.000000,720.000000,-145.762815,574.237185,80.555556,-2.756355,30.736552,18.996048,98.800246,73,73,
7.738000,90.000000,90.000000,calibrated_2x2_vector_correlation,E2-E4,100.000000,493.022941,-141.328132,-141.328132,59.722222,-1.048342,74.085002,48.542521,171.488921,73,73,
7.738000,90.000000,135.000000,calibrated_2x2_vector_correlation,E2-E4,100.000000,720.000000,-137.301081,582.698919,81.944444,-2.284467,30.032281,18.797582,85.705642,73,73,
7.738000,90.000000,0.000000,calibrated_2x2_vector_correlation,E1-E2,100.000000,360.000000,24.624895,-335.375105,81.944444,-2.051845,0.000000,0.000000,0.000000,73,73,
7.738000,90.000000,45.000000,calibrated_2x2_vector_correlation,E1-E2,100.000000,336.283469,44.351096,44.351096,75.000000,-2.675875,44.224726,23.418103,175.173254,73,73,
7.738000,90.000000,90.000000,calibrated_2x2_vector_correlation,E1-E2,100.000000,316.445135,57.212447,57.212447,68.055556,-2.718003,56.347692,34.529104,178.511423,73,73,
7.738000,90.000000,135.000000,calibrated_2x2_vector_correlation,E1-E2,100.000000,360.000000,38.063924,-321.936076,75.000000,-1.673356,37.762548,20.743765,140.715248,73,73,
7.738000,90.000000,0.000000,calibrated_2x2_vector_correlation,E2-E3,100.000000,360.000000,-76.252712,283.747288,87.500000,-2.690727,0.000000,0.000000,0.000000,73,73,
7.738000,90.000000,45.000000,calibrated_2x2_vector_correlation,E2-E3,100.000000,298.432849,-90.156438,-90.156438,69.444444,-3.168659,41.268764,22.646437,162.999555,73,73,
7.738000,90.000000,90.000000,calibrated_2x2_vector_correlation,E2-E3,100.000000,325.375910,-108.663681,-108.663681,73.611111,-3.283907,54.010538,33.557919,162.834563,73,73,
7.738000,90.000000,135.000000,calibrated_2x2_vector_correlation,E2-E3,100.000000,385.350075,-91.087616,268.912384,88.888889,-2.082487,44.941840,23.922187,176.921230,73,73,
7.738000,90.000000,0.000000,calibrated_2x2_vector_correlation,E3-E4,100.000000,360.000000,-64.725803,295.274197,83.333333,-2.552320,0.000000,0.000000,0.000000,73,73,
7.738000,90.000000,45.000000,calibrated_2x2_vector_correlation,E3-E4,100.000000,336.347028,-54.269283,-54.269283,70.833333,-3.168659,54.207106,29.228457,165.415853,73,73,
7.738000,90.000000,90.000000,calibrated_2x2_vector_correlation,E3-E4,100.000000,319.145555,-32.563573,-32.563573,69.444444,-3.283907,56.849391,36.685536,170.722974,73,73,
7.738000,90.000000,135.000000,calibrated_2x2_vector_correlation,E3-E4,100.000000,296.357799,-44.997548,-44.997548,69.444444,-2.538517,30.234870,19.787570,108.156830,73,73,
7.738000,90.000000,0.000000,calibrated_2x2_vector_correlation,E4-E1,100.000000,360.000000,116.062288,-243.937712,75.000000,-3.088271,0.000000,0.000000,0.000000,73,73,
7.738000,90.000000,45.000000,calibrated_2x2_vector_correlation,E4-E1,100.000000,296.002462,98.315581,98.315581,73.611111,-3.368220,34.899512,21.562784,173.273971,73,73,
7.738000,90.000000,90.000000,calibrated_2x2_vector_correlation,E4-E1,100.000000,306.524465,82.636315,82.636315,63.888889,-2.718003,50.198104,31.755047,168.242456,73,73,
7.738000,90.000000,135.000000,calibrated_2x2_vector_correlation,E4-E1,100.000000,323.155483,96.993545,96.993545,68.055556,-2.597587,42.227584,24.631125,128.032933,73,73,
7.985500,45.000000,0.000000,calibrated_2x2_vector_correlation,E1-E3,100.000000,489.001557,-56.257624,-56.257624,66.666667,-3.185403,0.000000,0.000000,0.000000,73,73,
7.985500,45.000000,45.000000,calibrated_2x2_vector_correlation,E1-E3,100.000000,278.502933,-52.537635,-52.537635,54.166667,-2.839169,64.595121,45.766768,177.079697,73,73,
7.985500,45.000000,90.000000,calibrated_2x2_vector_correlation,E1-E3,100.000000,401.188264,-49.801535,310.198465,70.833333,-3.365450,83.963670,59.220811,176.969483,73,73,
7.985500,45.000000,135.000000,calibrated_2x2_vector_correlation,E1-E3,100.000000,720.000000,-53.674852,666.325148,91.666667,-2.541809,65.635541,41.852823,173.483208,73,73,
7.985500,45.000000,0.000000,calibrated_2x2_vector_correlation,E2-E4,100.000000,505.846699,-143.458068,-143.458068,66.666667,-2.818622,0.000000,0.000000,0.000000,73,73,
7.985500,45.000000,45.000000,calibrated_2x2_vector_correlation,E2-E4,100.000000,720.000000,-145.498319,574.501681,87.500000,-2.354900,63.523629,38.281275,176.328716,73,73,
7.985500,45.000000,90.000000,calibrated_2x2_vector_correlation,E2-E4,100.000000,283.826694,-149.567565,-149.567565,62.500000,-3.312793,77.785619,51.445981,175.930513,73,73,
7.985500,45.000000,135.000000,calibrated_2x2_vector_correlation,E2-E4,100.000000,277.149564,-147.273234,-147.273234,50.000000,-2.847653,62.417380,42.454718,175.606146,73,73,
7.985500,45.000000,0.000000,calibrated_2x2_vector_correlation,E1-E2,100.000000,180.561338,41.276018,41.276018,61.111111,-2.328246,0.000000,0.000000,0.000000,73,73,
7.985500,45.000000,45.000000,calibrated_2x2_vector_correlation,E1-E2,100.000000,379.062779,31.045185,-328.954815,75.000000,-2.452914,56.016623,35.968609,169.596607,73,73,
7.985500,45.000000,90.000000,calibrated_2x2_vector_correlation,E1-E2,100.000000,364.129517,47.795235,-312.204765,72.222222,-2.338363,78.661160,44.533160,179.214674,73,73,
7.985500,45.000000,135.000000,calibrated_2x2_vector_correlation,E1-E2,100.000000,378.507576,56.612936,416.612936,70.833333,-2.541809,68.906492,41.590177,178.576969,73,73,
7.985500,45.000000,0.000000,calibrated_2x2_vector_correlation,E2-E3,100.000000,360.000000,-98.304242,261.695758,76.388889,-3.018499,0.000000,0.000000,0.000000,73,73,
7.985500,45.000000,45.000000,calibrated_2x2_vector_correlation,E2-E3,100.000000,329.758696,-83.050632,-83.050632,59.722222,-2.309850,39.803620,23.566416,179.410661,73,73,
7.985500,45.000000,90.000000,calibrated_2x2_vector_correlation,E2-E3,100.000000,360.000000,-93.950838,266.049162,76.388889,-2.710427,29.468917,19.769225,98.704386,73,73,
7.985500,45.000000,135.000000,calibrated_2x2_vector_correlation,E2-E3,100.000000,360.522104,-112.875108,-112.875108,61.111111,-2.078052,51.344398,31.350048,178.100737,73,73,
7.985500,45.000000,0.000000,calibrated_2x2_vector_correlation,E3-E4,100.000000,355.054997,-44.883533,-44.883533,59.722222,-3.297844,0.000000,0.000000,0.000000,73,73,
7.985500,45.000000,45.000000,calibrated_2x2_vector_correlation,E3-E4,100.000000,368.761184,-62.171740,297.828260,79.166667,-2.584578,60.279952,39.347863,171.992741,73,73,
7.985500,45.000000,90.000000,calibrated_2x2_vector_correlation,E3-E4,100.000000,360.216135,-54.997730,-414.997730,84.722222,-3.010299,78.267672,46.609005,178.568069,73,73,
7.985500,45.000000,135.000000,calibrated_2x2_vector_correlation,E3-E4,100.000000,372.104500,-36.676255,-396.676255,80.555556,-3.028802,56.762036,36.060414,176.470238,73,73,
7.985500,45.000000,0.000000,calibrated_2x2_vector_correlation,E4-E1,100.000000,360.000000,100.887513,-259.112487,75.000000,-3.464748,0.000000,0.000000,0.000000,73,73,
7.985500,45.000000,45.000000,calibrated_2x2_vector_correlation,E4-E1,100.000000,356.775847,114.670375,114.670375,62.500000,-3.113897,54.081855,32.989400,177.808528,73,73,
7.985500,45.000000,90.000000,calibrated_2x2_vector_correlation,E4-E1,100.000000,360.000000,99.790374,-260.209626,76.388889,-3.967816,29.722633,20.817082,75.031829,73,73,
7.985500,45.000000,135.000000,calibrated_2x2_vector_correlation,E4-E1,100.000000,330.916562,89.102827,89.102827,61.111111,-3.348453,42.341930,24.129946,179.763068,73,73,
7.985500,60.000000,0.000000,calibrated_2x2_vector_correlation,E1-E3,100.000000,327.974965,-55.597054,-55.597054,65.277778,-2.532122,0.000000,0.000000,0.000000,73,73,
7.985500,60.000000,45.000000,calibrated_2x2_vector_correlation,E1-E3,100.000000,272.577481,-50.941651,-50.941651,61.111111,-3.012692,60.269338,41.838647,166.214371,73,73,
7.985500,60.000000,90.000000,calibrated_2x2_vector_correlation,E1-E3,100.000000,161.490993,-50.574984,-50.574984,54.166667,-3.694233,87.704568,64.778343,177.017751,73,73,
7.985500,60.000000,135.000000,calibrated_2x2_vector_correlation,E1-E3,100.000000,379.656911,-55.157690,304.842310,80.555556,-2.460894,64.357217,40.994215,172.052130,73,73,
7.985500,60.000000,0.000000,calibrated_2x2_vector_correlation,E2-E4,100.000000,624.734647,-143.501136,-143.501136,68.055556,-2.907379,0.000000,0.000000,0.000000,73,73,
7.985500,60.000000,45.000000,calibrated_2x2_vector_correlation,E2-E4,100.000000,360.000000,-147.055842,212.944158,86.111111,-2.499564,50.798898,25.782614,177.989903,73,73,
7.985500,60.000000,90.000000,calibrated_2x2_vector_correlation,E2-E4,100.000000,401.671877,-149.704231,210.295769,79.166667,-2.804143,65.805119,40.092626,175.010922,73,73,
7.985500,60.000000,135.000000,calibrated_2x2_vector_correlation,E2-E4,100.000000,409.706780,-145.537870,-145.537870,59.722222,-3.308643,60.061418,39.525347,179.254505,73,73,
7.985500,60.000000,0.000000,calibrated_2x2_vector_correlation,E1-E2,100.000000,305.536777,35.742788,35.742788,80.555556,-1.976409,0.000000,0.000000,0.000000,73,73,
7.985500,60.000000,45.000000,calibrated_2x2_vector_correlation,E1-E2,100.000000,360.000000,33.694737,-326.305263,90.277778,-2.535627,46.573520,26.918016,162.474239,73,73,
7.985500,60.000000,90.000000,calibrated_2x2_vector_correlation,E1-E2,100.000000,360.000000,54.312496,-305.687504,81.944444,-2.394527,60.822471,39.802233,177.739315,73,73,
7.985500,60.000000,135.000000,calibrated_2x2_vector_correlation,E1-E2,100.000000,282.673896,52.942912,52.942912,59.722222,-2.283118,51.527722,31.633909,163.773573,73,73,
7.985500,60.000000,0.000000,calibrated_2x2_vector_correlation,E2-E3,100.000000,360.000000,-90.652785,269.347215,86.111111,-2.532122,0.000000,0.000000,0.000000,73,73,
7.985500,60.000000,45.000000,calibrated_2x2_vector_correlation,E2-E3,100.000000,317.384635,-83.817382,-83.817382,66.666667,-2.210690,43.295048,28.391337,154.193631,73,73,
7.985500,60.000000,90.000000,calibrated_2x2_vector_correlation,E2-E3,100.000000,360.000000,-101.867088,258.132912,76.388889,-2.998961,31.271910,22.622566,77.799908,73,73,
7.985500,60.000000,135.000000,calibrated_2x2_vector_correlation,E2-E3,100.000000,418.309248,-111.881359,248.118641,70.833333,-2.256736,60.806610,38.210781,169.674510,73,73,
7.985500,60.000000,0.000000,calibrated_2x2_vector_correlation,E3-E4,100.000000,360.000000,-52.329801,307.670199,83.333333,-3.218663,0.000000,0.000000,0.000000,73,73,
7.985500,60.000000,45.000000,calibrated_2x2_vector_correlation,E3-E4,100.000000,360.000000,-62.670963,297.329037,91.666667,-2.495236,53.682664,29.823448,173.402414,73,73,
7.985500,60.000000,90.000000,calibrated_2x2_vector_correlation,E3-E4,100.000000,360.000000,-48.174760,311.825240,88.888889,-3.103596,55.865140,32.326742,163.354901,73,73,
7.985500,60.000000,135.000000,calibrated_2x2_vector_correlation,E3-E4,100.000000,469.743950,-35.587141,-395.587141,52.777778,-3.294254,51.186996,30.522697,178.911733,73,73,
7.985500,60.000000,0.000000,calibrated_2x2_vector_correlation,E4-E1,100.000000,360.000000,107.061257,-252.938743,75.000000,-3.203678,0.000000,0.000000,0.000000,73,73,
7.985500,60.000000,45.000000,calibrated_2x2_vector_correlation,E4-E1,100.000000,333.680697,113.006092,113.006092,66.666667,-3.301565,42.872853,25.739554,157.070944,73,73,
7.985500,60.000000,90.000000,calibrated_2x2_vector_correlation,E4-E1,100.000000,360.000000,93.356188,-266.643812,80.555556,-3.798868,29.530870,22.439180,80.226829,73,73,
7.985500,60.000000,135.000000,calibrated_2x2_vector_correlation,E4-E1,100.000000,359.884320,91.100040,91.100040,61.111111,-3.512800,45.786605,27.361533,172.099030,73,73,
7.985500,75.000000,0.000000,calibrated_2x2_vector_correlation,E1-E3,100.000000,331.023063,-54.246577,-54.246577,77.777778,-2.845519,0.000000,0.000000,0.000000,73,73,
7.985500,75.000000,45.000000,calibrated_2x2_vector_correlation,E1-E3,100.000000,786.363830,-49.930047,-769.930047,70.833333,-3.505802,51.969501,33.817432,171.651577,73,73,
7.985500,75.000000,90.000000,calibrated_2x2_vector_correlation,E1-E3,100.000000,223.448042,-52.002226,-52.002226,52.777778,-2.862220,82.818325,58.193044,177.305270,73,73,
7.985500,75.000000,135.000000,calibrated_2x2_vector_correlation,E1-E3,100.000000,720.000000,-56.092732,663.907268,100.000000,-2.675509,47.508096,29.644994,178.934766,73,73,
7.985500,75.000000,0.000000,calibrated_2x2_vector_correlation,E2-E4,100.000000,624.958470,-144.232469,-144.232469,66.666667,-3.296313,0.000000,0.000000,0.000000,73,73,
7.985500,75.000000,45.000000,calibrated_2x2_vector_correlation,E2-E4,100.000000,720.000000,-148.556189,571.443811,86.111111,-2.771476,38.371134,19.060087,175.342691,73,73,
7.985500,75.000000,90.000000,calibrated_2x2_vector_correlation,E2-E4,100.000000,493.630596,-148.845932,-148.845932,63.888889,-3.085895,76.722090,50.108817,169.674837,73,73,
7.985500,75.000000,135.000000,calibrated_2x2_vector_correlation,E2-E4,100.000000,720.000000,-144.164628,575.835372,84.722222,-2.963577,30.789140,18.388356,130.108434,73,73,
7.985500,75.000000,0.000000,calibrated_2x2_vector_correlation,E1-E2,100.000000,310.549140,31.987966,31.987966,79.166667,-1.947357,0.000000,0.000000,0.000000,73,73,
7.985500,75.000000,45.000000,calibrated_2x2_vector_correlation,E1-E2,100.000000,360.000000,39.885488,-320.114512,88.888889,-2.774620,40.741764,20.445551,177.339048,73,73,
7.985500,75.000000,90.000000,calibrated_2x2_vector_correlation,E1-E2,100.000000,291.427189,57.329328,57.329328,69.444444,-2.508029,60.615753,38.267038,176.665139,73,73,
7.985500,75.000000,135.000000,calibrated_2x2_vector_correlation,E1-E2,100.000000,360.000000,47.423475,-312.576525,79.166667,-2.313586,37.477378,20.932356,168.941120,73,73,
7.985500,75.000000,0.000000,calibrated_2x2_vector_correlation,E2-E3,100.000000,393.501017,-85.344939,-85.344939,80.555556,-2.818205,0.000000,0.000000,0.000000,73,73,
7.985500,75.000000,45.000000,calibrated_2x2_vector_correlation,E2-E3,100.000000,318.602320,-87.558668,-87.558668,72.222222,-2.562618,51.248706,29.672708,170.967960,73,73,
7.985500,75.000000,90.000000,calibrated_2x2_vector_correlation,E2-E3,100.000000,360.000000,-109.036063,250.963937,75.000000,-2.467572,45.725943,27.901940,165.296290,73,73,
7.985500,75.000000,135.000000,calibrated_2x2_vector_correlation,E2-E3,100.000000,720.000000,-106.331493,613.668507,91.666667,-2.587666,46.392438,26.687838,172.901622,73,73,
7.985500,75.000000,0.000000,calibrated_2x2_vector_correlation,E3-E4,100.000000,360.000000,-58.576763,301.423237,79.166667,-2.882559,0.000000,0.000000,0.000000,73,73,
7.985500,75.000000,45.000000,calibrated_2x2_vector_correlation,E3-E4,100.000000,360.000000,-60.147151,299.852849,90.277778,-2.703833,51.648321,25.447744,178.907809,73,73,
7.985500,75.000000,90.000000,calibrated_2x2_vector_correlation,E3-E4,100.000000,360.000000,-41.385762,318.614238,81.944444,-3.104849,50.628226,27.956014,154.580361,73,73,
7.985500,75.000000,135.000000,calibrated_2x2_vector_correlation,E3-E4,100.000000,360.000000,-38.602847,321.397153,65.277778,-3.340939,33.307840,20.095426,160.790331,73,73,
7.985500,75.000000,0.000000,calibrated_2x2_vector_correlation,E4-E1,100.000000,360.000000,112.243980,-247.756020,79.166667,-3.323627,0.000000,0.000000,0.000000,73,73,
7.985500,75.000000,45.000000,calibrated_2x2_vector_correlation,E4-E1,100.000000,320.168976,107.332049,107.332049,77.777778,-3.714660,35.016043,20.955165,176.519613,73,73,
7.985500,75.000000,90.000000,calibrated_2x2_vector_correlation,E4-E1,100.000000,360.000000,89.726552,-270.273448,73.611111,-3.499497,29.282045,21.142541,97.883872,73,73,
7.985500,75.000000,135.000000,calibrated_2x2_vector_correlation,E4-E1,100.000000,347.758427,95.234370,95.234370,65.277778,-3.428782,55.600758,30.345393,179.305341,73,73,
7.985500,90.000000,0.000000,calibrated_2x2_vector_correlation,E1-E3,100.000000,367.739938,-52.537635,-412.537635,65.277778,-3.205495,0.000000,0.000000,0.000000,73,73,
7.985500,90.000000,45.000000,calibrated_2x2_vector_correlation,E1-E3,100.000000,720.000000,-49.801535,-769.801535,100.000000,-3.610179,32.552546,23.468963,111.354390,73,73,
7.985500,90.000000,90.000000,calibrated_2x2_vector_correlation,E1-E3,100.000000,534.498677,-53.674852,306.325148,72.222222,-3.307857,65.951310,32.187587,179.738822,73,73,
7.985500,90.000000,135.000000,calibrated_2x2_vector_correlation,E1-E3,100.000000,720.260668,-56.257624,663.742376,94.444444,-2.454997,48.507873,30.790523,167.364680,73,73,
7.985500,90.000000,0.000000,calibrated_2x2_vector_correlation,E2-E4,100.000000,369.682042,-145.498319,214.501681,68.055556,-2.848141,0.000000,0.000000,0.000000,73,73,
7.985500,90.000000,45.000000,calibrated_2x2_vector_correlation,E2-E4,100.000000,720.000000,-149.567565,570.432435,83.333333,-3.050137,29.558387,15.822194,155.038947,73,73,
7.985500,90.000000,90.000000,calibrated_2x2_vector_correlation,E2-E4,100.000000,510.776721,-147.273234,-147.273234,59.722222,-1.475220,80.348053,51.247649,177.323883,73,73,
7.985500,90.000000,135.000000,calibrated_2x2_vector_correlation,E2-E4,100.000000,720.000000,-143.458068,576.541932,84.722222,-2.820694,33.232055,18.370021,166.245573,73,73,
7.985500,90.000000,0.000000,calibrated_2x2_vector_correlation,E1-E2,100.000000,338.860666,31.045185,31.045185,76.388889,-2.230400,0.000000,0.000000,0.000000,73,73,
7.985500,90.000000,45.000000,calibrated_2x2_vector_correlation,E1-E2,100.000000,327.506251,47.795235,47.795235,75.000000,-2.675536,44.248705,23.202955,176.219578,73,73,
7.985500,90.000000,90.000000,calibrated_2x2_vector_correlation,E1-E2,100.000000,313.453825,56.612936,56.612936,70.833333,-2.701121,54.337344,32.646123,168.894879,73,73,
7.985500,90.000000,135.000000,calibrated_2x2_vector_correlation,E1-E2,100.000000,360.000000,41.276018,-318.723982,79.166667,-1.885930,36.859148,19.967521,162.394779,73,73,
7.985500,90.000000,0.000000,calibrated_2x2_vector_correlation,E2-E3,100.000000,360.000000,-83.050632,276.949368,84.722222,-2.512317,0.000000,0.000000,0.000000,73,73,
7.985500,90.000000,45.000000,calibrated_2x2_vector_correlation,E2-E3,100.000000,360.000000,-93.950838,266.049162,70.833333,-2.855828,45.016835,24.228583,175.642160,73,73,
7.985500,90.000000,90.000000,calibrated_2x2_vector_correlation,E2-E3,100.000000,325.671536,-112.875108,-112.875108,72.222222,-2.866930,55.510101,33.943645,178.095818,73,73,
7.985500,90.000000,135.000000,calibrated_2x2_vector_correlation,E2-E3,100.000000,379.877765,-98.304242,261.695758,83.333333,-2.339786,44.948008,24.144299,179.654086,73,73,
7.985500,90.000000,0.000000,calibrated_2x2_vector_correlation,E3-E4,100.000000,360.000000,-62.171740,297.828260,73.611111,-2.713962,0.000000,0.000000,0.000000,73,73,
7.985500,90.000000,45.000000,calibrated_2x2_vector_correlation,E3-E4,100.000000,329.560395,-54.997730,-54.997730,70.833333,-3.021908,54.578903,28.801007,177.043436,73,73,
7.985500,90.000000,90.000000,calibrated_2x2_vector_correlation,E3-E4,100.000000,320.321558,-36.676255,-36.676255,72.222222,-2.866930,52.331273,32.494360,159.438628,73,73,
7.985500,90.000000,135.000000,calibrated_2x2_vector_correlation,E3-E4,100.000000,300.469739,-44.883533,-44.883533,72.222222,-2.942914,33.177086,21.339354,138.716343,73,73,
7.985500,90.000000,0.000000,calibrated_2x2_vector_correlation,E4-E1,100.000000,327.586925,114.670375,114.670375,72.222222,-3.541319,0.000000,0.000000,0.000000,73,73,
7.985500,90.000000,45.000000,calibrated_2x2_vector_correlation,E4-E1,100.000000,300.787408,99.790374,99.790374,76.388889,-3.804489,40.320782,23.245507,166.730489,73,73,
7.985500,90.000000,90.000000,calibrated_2x2_vector_correlation,E4-E1,100.000000,306.614724,89.102827,89.102827,68.055556,-2.730374,52.550739,31.035152,175.914881,73,73,
7.985500,90.000000,135.000000,calibrated_2x2_vector_correlation,E4-E1,100.000000,311.883912,100.887513,100.887513,68.055556,-3.058125,40.666510,21.660105,145.348597,73,73,
8.233000,45.000000,0.000000,calibrated_2x2_vector_correlation,E1-E3,100.000000,483.067715,-62.418334,-62.418334,68.055556,-2.759089,0.000000,0.000000,0.000000,73,73,
8.233000,45.000000,45.000000,calibrated_2x2_vector_correlation,E1-E3,100.000000,288.398330,-49.521988,-49.521988,56.944444,-2.191883,61.063484,45.816099,165.061717,73,73,
8.233000,45.000000,90.000000,calibrated_2x2_vector_correlation,E1-E3,100.000000,395.083111,-42.816186,317.183814,69.444444,-2.784633,83.058922,61.546866,175.676367,73,73,
8.233000,45.000000,135.000000,calibrated_2x2_vector_correlation,E1-E3,100.000000,720.000000,-56.511228,663.488772,88.888889,-2.068701,60.123556,39.420853,178.289898,73,73,
8.233000,45.000000,0.000000,calibrated_2x2_vector_correlation,E2-E4,100.000000,680.978852,-142.726016,-142.726016,70.833333,-3.137763,0.000000,0.000000,0.000000,73,73,
8.233000,45.000000,45.000000,calibrated_2x2_vector_correlation,E2-E4,100.000000,720.000000,-145.093032,574.906968,88.888889,-2.680707,55.950687,34.446982,179.635999,73,73,
8.233000,45.000000,90.000000,calibrated_2x2_vector_correlation,E2-E4,100.000000,285.634676,-145.338123,-145.338123,66.666667,-3.592430,71.414066,47.420529,169.261432,73,73,
8.233000,45.000000,135.000000,calibrated_2x2_vector_correlation,E2-E4,100.000000,280.223260,-142.642355,-142.642355,54.166667,-3.387608,60.580178,40.989682,179.829265,73,73,
8.233000,45.000000,0.000000,calibrated_2x2_vector_correlation,E1-E2,100.000000,180.589896,41.462562,41.462562,61.111111,-2.205255,0.000000,0.000000,0.000000,73,73,
8.233000,45.000000,45.000000,calibrated_2x2_vector_correlation,E1-E2,100.000000,370.342261,37.223175,-322.776825,77.777778,-1.869092,58.662514,37.611812,178.393416,73,73,
8.233000,45.000000,90.000000,calibrated_2x2_vector_correlation,E1-E2,100.000000,363.340977,49.014149,-310.985851,66.666667,-2.003192,83.178073,50.010456,179.775333,73,73,
8.233000,45.000000,135.000000,calibrated_2x2_vector_correlation,E1-E2,100.000000,369.439302,51.236344,411.236344,76.388889,-2.068701,65.742926,41.987059,171.922529,73,73,
8.233000,45.000000,0.000000,calibrated_2x2_vector_correlation,E2-E3,100.000000,360.000000,-103.936467,256.063533,75.000000,-2.147722,0.000000,0.000000,0.000000,73,73,
8.233000,45.000000,45.000000,calibrated_2x2_vector_correlation,E2-E3,100.000000,354.886247,-85.529274,-85.529274,59.722222,-1.723472,41.479328,27.980169,147.649178,73,73,
8.233000,45.000000,90.000000,calibrated_2x2_vector_correlation,E2-E3,100.000000,360.000000,-90.508781,269.491219,80.555556,-2.397321,28.701769,20.968262,97.091036,73,73,
8.233000,45.000000,135.000000,calibrated_2x2_vector_correlation,E2-E3,100.000000,381.233398,-111.169344,-111.169344,62.500000,-1.708920,48.557828,30.322518,168.510898,73,73,
8.233000,45.000000,0.000000,calibrated_2x2_vector_correlation,E3-E4,100.000000,172.906469,-38.680298,-38.680298,58.333333,-3.193417,0.000000,0.000000,0.000000,73,73,
8.233000,45.000000,45.000000,calibrated_2x2_vector_correlation,E3-E4,100.000000,361.590813,-59.287970,300.712030,86.111111,-2.248043,63.467506,44.227268,176.655986,73,73,
8.233000,45.000000,90.000000,calibrated_2x2_vector_correlation,E3-E4,100.000000,171.067778,-54.924422,-54.924422,62.500000,-3.117699,79.018095,52.259315,177.549128,73,73,
8.233000,45.000000,135.000000,calibrated_2x2_vector_correlation,E3-E4,100.000000,368.692255,-34.298994,-394.298994,80.555556,-3.154559,50.219269,31.801368,160.148506,73,73,
8.233000,45.000000,0.000000,calibrated_2x2_vector_correlation,E4-E1,100.000000,360.000000,101.022881,-258.977119,76.388889,-3.804785,0.000000,0.000000,0.000000,73,73,
8.233000,45.000000,45.000000,calibrated_2x2_vector_correlation,E4-E1,100.000000,378.249139,108.980374,108.980374,65.277778,-3.149117,51.918636,31.487306,168.999070,73,73,
8.233000,45.000000,90.000000,calibrated_2x2_vector_correlation,E4-E1,100.000000,360.000000,95.249967,-264.750033,80.555556,-3.979742,28.038097,19.936312,86.515616,73,73,
8.233000,45.000000,135.000000,calibrated_2x2_vector_correlation,E4-E1,100.000000,361.147986,90.063346,90.063346,61.111111,-3.743464,43.115558,25.972663,151.892022,73,73,
8.233000,60.000000,0.000000,calibrated_2x2_vector_correlation,E1-E3,100.000000,351.072878,-59.549342,-59.549342,62.500000,-1.947790,0.000000,0.000000,0.000000,73,73,
8.233000,60.000000,45.000000,calibrated_2x2_vector_correlation,E1-E3,100.000000,887.868059,-44.942039,-764.942039,59.722222,-2.466389,51.727893,35.775458,163.985304,73,73,
8.233000,60.000000,90.000000,calibrated_2x2_vector_correlation,E1-E3,100.000000,158.329397,-45.978364,-45.978364,59.722222,-2.949890,82.829811,62.918244,173.247657,73,73,
8.233000,60.000000,135.000000,calibrated_2x2_vector_correlation,E1-E3,100.000000,720.000000,-60.787759,659.212241,90.277778,-1.967144,68.727051,44.756428,173.799374,73,73,
8.233000,60.000000,0.000000,calibrated_2x2_vector_correlation,E2-E4,100.000000,609.794508,-143.453129,-143.453129,68.055556,-3.261023,0.000000,0.000000,0.000000,73,73,
8.233000,60.000000,45.000000,calibrated_2x2_vector_correlation,E2-E4,100.000000,720.000000,-145.637709,574.362291,95.833333,-3.003585,52.313327,27.500355,174.037569,73,73,
8.233000,60.000000,90.000000,calibrated_2x2_vector_correlation,E2-E4,100.000000,401.896578,-144.485027,215.514973,79.166667,-3.437585,68.509913,43.283153,177.158927,73,73,
8.233000,60.000000,135.000000,calibrated_2x2_vector_correlation,E2-E4,100.000000,406.062833,-142.223130,-142.223130,55.555556,-3.529820,63.522246,42.115889,175.383653,73,73,
8.233000,60.000000,0.000000,calibrated_2x2_vector_correlation,E1-E2,100.000000,294.445499,38.745027,38.745027,79.166667,-1.734248,0.000000,0.000000,0.000000,73,73,
8.233000,60.000000,45.000000,calibrated_2x2_vector_correlation,E1-E2,100.000000,360.000000,39.558765,-320.441235,95.833333,-2.077895,47.468711,26.751584,172.049675,73,73,
8.233000,60.000000,90.000000,calibrated_2x2_vector_correlation,E1-E2,100.000000,360.000000,52.331197,-307.668803,76.388889,-1.949822,65.006906,40.639982,175.480311,73,73,
8.233000,60.000000,135.000000,calibrated_2x2_vector_correlation,E1-E2,100.000000,269.467039,48.248125,48.248125,54.166667,-1.967144,57.247171,35.623629,173.122016,73,73,
8.233000,60.000000,0.000000,calibrated_2x2_vector_correlation,E2-E3,100.000000,360.000000,-96.368411,263.631589,77.777778,-2.021950,0.000000,0.000000,0.000000,73,73,
8.233000,60.000000,45.000000,calibrated_2x2_vector_correlation,E2-E3,100.000000,323.096140,-84.167635,-84.167635,66.666667,-1.940881,44.931429,30.126100,155.013970,73,73,
8.233000,60.000000,90.000000,calibrated_2x2_vector_correlation,E2-E3,100.000000,360.000000,-97.587768,262.412232,79.166667,-2.436424,35.666905,26.075607,91.433842,73,73,
8.233000,60.000000,135.000000,calibrated_2x2_vector_correlation,E2-E3,100.000000,398.024596,-112.967813,-112.967813,65.277778,-1.666392,68.302744,43.547496,178.071025,73,73,
8.233000,60.000000,0.000000,calibrated_2x2_vector_correlation,E3-E4,100.000000,316.631654,-46.858194,-46.858194,76.388889,-2.981084,0.000000,0.000000,0.000000,73,73,
8.233000,60.000000,45.000000,calibrated_2x2_vector_correlation,E3-E4,100.000000,360.000000,-60.906479,299.093521,93.055556,-2.378082,50.697667,29.525493,166.034324,73,73,
8.233000,60.000000,90.000000,calibrated_2x2_vector_correlation,E3-E4,100.000000,360.000000,-48.246935,311.753065,93.055556,-3.215113,52.823268,32.671417,175.508387,73,73,
8.233000,60.000000,135.000000,calibrated_2x2_vector_correlation,E3-E4,100.000000,468.226342,-31.267243,-391.267243,56.944444,-3.282854,51.664622,32.620275,165.934634,73,73,
8.233000,60.000000,0.000000,calibrated_2x2_vector_correlation,E4-E1,100.000000,360.000000,105.276894,-254.723106,79.166667,-3.186862,0.000000,0.000000,0.000000,73,73,
8.233000,60.000000,45.000000,calibrated_2x2_vector_correlation,E4-E1,100.000000,340.902059,106.466142,106.466142,69.444444,-3.529093,39.785212,23.771324,162.051156,73,73,
8.233000,60.000000,90.000000,calibrated_2x2_vector_correlation,E4-E1,100.000000,360.000000,90.952883,-269.047117,81.944444,-3.951051,26.521526,19.643934,76.544633,73,73,
8.233000,60.000000,135.000000,calibrated_2x2_vector_correlation,E4-E1,100.000000,374.322661,92.695055,92.695055,61.111111,-3.645665,54.601357,31.948064,179.851257,73,73,
8.233000,75.000000,0.000000,calibrated_2x2_vector_correlation,E1-E3,100.000000,345.759876,-54.876946,-54.876946,69.444444,-2.298492,0.000000,0.000000,0.000000,73,73,
8.233000,75.000000,45.000000,calibrated_2x2_vector_correlation,E1-E3,100.000000,782.729725,-42.458017,-762.458017,55.555556,-2.701776,47.702755,33.039070,177.174403,73,73,
8.233000,75.000000,90.000000,calibrated_2x2_vector_correlation,E1-E3,100.000000,461.927265,-51.054932,308.945068,63.888889,-2.424268,76.705165,54.844255,176.716376,73,73,
8.233000,75.000000,135.000000,calibrated_2x2_vector_correlation,E1-E3,100.000000,720.000000,-62.877228,657.122772,100.000000,-2.122894,48.230559,33.908725,149.953085,73,73,
8.233000,75.000000,0.000000,calibrated_2x2_vector_correlation,E2-E4,100.000000,622.460498,-144.300407,-144.300407,68.055556,-3.136683,0.000000,0.000000,0.000000,73,73,
8.233000,75.000000,45.000000,calibrated_2x2_vector_correlation,E2-E4,100.000000,720.000000,-145.751335,574.248665,81.944444,-3.169043,43.628291,23.194689,172.314058,73,73,
8.233000,75.000000,90.000000,calibrated_2x2_vector_correlation,E2-E4,100.000000,493.590498,-143.472903,-143.472903,62.500000,-3.422219,80.693808,53.748159,175.549128,73,73,
8.233000,75.000000,135.000000,calibrated_2x2_vector_correlation,E2-E4,100.000000,720.000000,-142.273411,577.726589,77.777778,-3.215587,34.939578,19.278444,167.461867,73,73,
8.233000,75.000000,0.000000,calibrated_2x2_vector_correlation,E1-E2,100.000000,309.823568,37.133901,37.133901,76.388889,-1.765452,0.000000,0.000000,0.000000,73,73,
8.233000,75.000000,45.000000,calibrated_2x2_vector_correlation,E1-E2,100.000000,360.000000,44.008648,-315.991352,84.722222,-2.065486,38.141033,19.491137,167.578966,73,73,
8.233000,75.000000,90.000000,calibrated_2x2_vector_correlation,E1-E2,100.000000,282.011986,52.919498,52.919498,66.666667,-2.079538,62.415310,38.843387,174.763038,73,73,
8.233000,75.000000,135.000000,calibrated_2x2_vector_correlation,E1-E2,100.000000,360.000000,44.789804,-315.210196,77.777778,-1.940696,38.874578,21.613734,167.350732,73,73,
8.233000,75.000000,0.000000,calibrated_2x2_vector_correlation,E2-E3,100.000000,393.797942,-89.771346,-89.771346,77.777778,-1.978672,0.000000,0.000000,0.000000,73,73,
8.233000,75.000000,45.000000,calibrated_2x2_vector_correlation,E2-E3,100.000000,326.976087,-85.839760,-85.839760,76.388889,-2.243777,51.450843,31.184677,179.010400,73,73,
8.233000,75.000000,90.000000,calibrated_2x2_vector_correlation,E2-E3,100.000000,360.000000,-105.347143,254.652857,66.666667,-2.062537,53.714887,31.471740,174.819792,73,73,
8.233000,75.000000,135.000000,calibrated_2x2_vector_correlation,E2-E3,100.000000,720.000000,-110.203561,609.796439,91.666667,-1.879998,50.232127,30.667447,174.558445,73,73,
8.233000,75.000000,0.000000,calibrated_2x2_vector_correlation,E3-E4,100.000000,627.750312,-54.403012,-414.403012,69.444444,-2.885882,0.000000,0.000000,0.000000,73,73,
8.233000,75.000000,45.000000,calibrated_2x2_vector_correlation,E3-E4,100.000000,360.000000,-59.351541,300.648459,91.666667,-2.597863,52.078294,26.797423,168.003886,73,73,
8.233000,75.000000,90.000000,calibrated_2x2_vector_correlation,E3-E4,100.000000,360.000000,-40.667801,319.332199,73.611111,-3.152618,53.336590,32.495106,163.680468,73,73,
8.233000,75.000000,135.000000,calibrated_2x2_vector_correlation,E3-E4,100.000000,295.815166,-32.807700,-32.807700,69.444444,-3.252077,34.740089,21.944776,133.387777,73,73,
8.233000,75.000000,0.000000,calibrated_2x2_vector_correlation,E4-E1,100.000000,360.000000,108.311996,-251.688004,81.944444,-3.456504,0.000000,0.000000,0.000000,73,73,
8.233000,75.000000,45.000000,calibrated_2x2_vector_correlation,E4-E1,100.000000,329.018998,101.196160,101.196160,79.166667,-3.627042,30.731678,19.767372,150.025809,73,73,
8.233000,75.000000,90.000000,calibrated_2x2_vector_correlation,E4-E1,100.000000,360.000000,89.288037,-270.711963,66.666667,-3.783949,30.220724,19.776228,110.216783,73,73,
8.233000,75.000000,135.000000,calibrated_2x2_vector_correlation,E4-E1,100.000000,345.470213,96.564817,96.564817,63.888889,-3.494973,57.197654,30.250544,179.359611,73,73,
8.233000,90.000000,0.000000,calibrated_2x2_vector_correlation,E1-E3,100.000000,172.504189,-49.521988,-49.521988,51.388889,-2.681878,0.000000,0.000000,0.000000,73,73,
8.233000,90.000000,45.000000,calibrated_2x2_vector_correlation,E1-E3,100.000000,720.000000,-42.816186,-762.816186,97.222222,-2.867049,37.299382,27.963806,127.291657,73,73,
8.233000,90.000000,90.000000,calibrated_2x2_vector_correlation,E1-E3,100.000000,531.773913,-56.511228,303.488772,63.888889,-2.515979,70.535494,41.795575,178.616430,73,73,
8.233000,90.000000,135.000000,calibrated_2x2_vector_correlation,E1-E3,100.000000,720.000000,-62.418334,657.581666,100.000000,-2.286636,45.077382,32.198324,140.265956,73,73,
8.233000,90.000000,0.000000,calibrated_2x2_vector_correlation,E2-E4,100.000000,631.291918,-145.093032,-145.093032,68.055556,-3.120606,0.000000,0.000000,0.000000,73,73,
8.233000,90.000000,45.000000,calibrated_2x2_vector_correlation,E2-E4,100.000000,360.000000,-145.338123,214.661877,77.777778,-3.386516,31.854687,15.349533,176.081002,73,73,
8.233000,90.000000,90.000000,calibrated_2x2_vector_correlation,E2-E4,100.000000,518.500136,-142.642355,-142.642355,59.722222,-1.905602,85.039238,55.244534,179.937844,73,73,
8.233000,90.000000,135.000000,calibrated_2x2_vector_correlation,E2-E4,100.000000,360.000000,-142.726016,217.273984,80.555556,-3.043279,34.372639,19.393519,142.350148,73,73,
8.233000,90.000000,0.000000,calibrated_2x2_vector_correlation,E1-E2,100.000000,339.177772,37.223175,37.223175,75.000000,-2.074672,0.000000,0.000000,0.000000,73,73,
8.233000,90.000000,45.000000,calibrated_2x2_vector_correlation,E1-E2,100.000000,318.871970,49.014149,49.014149,68.055556,-2.189411,39.271960,21.929874,163.661609,73,73,
8.233000,90.000000,90.000000,calibrated_2x2_vector_correlation,E1-E2,100.000000,309.225412,51.236344,51.236344,70.833333,-2.143135,53.787600,31.905995,173.187238,73,73,
8.233000,90.000000,135.000000,calibrated_2x2_vector_correlation,E1-E2,100.000000,360.000000,41.462562,-318.537438,81.944444,-1.853534,35.835056,18.983556,179.081610,73,73,
8.233000,90.000000,0.000000,calibrated_2x2_vector_correlation,E2-E3,100.000000,349.981468,-85.529274,-85.529274,79.166667,-2.102045,0.000000,0.000000,0.000000,73,73,
8.233000,90.000000,45.000000,calibrated_2x2_vector_correlation,E2-E3,100.000000,360.000000,-90.508781,269.491219,72.222222,-2.395240,47.868745,27.213991,172.166758,73,73,
8.233000,90.000000,90.000000,calibrated_2x2_vector_correlation,E2-E3,100.000000,320.222014,-111.169344,-111.169344,69.444444,-1.999826,63.631167,40.008665,167.560982,73,73,
8.233000,90.000000,135.000000,calibrated_2x2_vector_correlation,E2-E3,100.000000,373.181010,-103.936467,256.063533,81.944444,-2.016791,49.095510,29.106426,154.908714,73,73,
8.233000,90.000000,0.000000,calibrated_2x2_vector_correlation,E3-E4,100.000000,664.350550,-59.287970,-419.287970,68.055556,-2.780827,0.000000,0.000000,0.000000,73,73,
8.233000,90.000000,45.000000,calibrated_2x2_vector_correlation,E3-E4,100.000000,335.120144,-54.924422,-54.924422,72.222222,-2.961284,54.870189,32.437856,171.740402,73,73,
8.233000,90.000000,90.000000,calibrated_2x2_vector_correlation,E3-E4,100.000000,320.266173,-34.298994,-34.298994,72.222222,-2.398033,56.768279,35.966690,171.318756,73,73,
8.233000,90.000000,135.000000,calibrated_2x2_vector_correlation,E3-E4,100.000000,300.278299,-38.680298,-38.680298,72.222222,-3.074768,36.402941,23.886072,159.237856,73,73,
8.233000,90.000000,0.000000,calibrated_2x2_vector_correlation,E4-E1,100.000000,320.623401,108.980374,108.980374,75.000000,-3.700439,0.000000,0.000000,0.000000,73,73,
8.233000,90.000000,45.000000,calibrated_2x2_vector_correlation,E4-E1,100.000000,308.329669,95.249967,95.249967,79.166667,-3.858325,41.162031,23.279824,159.729200,73,73,
8.233000,90.000000,90.000000,calibrated_2x2_vector_correlation,E4-E1,100.000000,304.796293,90.063346,90.063346,65.277778,-2.914185,53.813861,30.605428,179.300043,73,73,
8.233000,90.000000,135.000000,calibrated_2x2_vector_correlation,E4-E1,100.000000,305.827754,101.022881,101.022881,68.055556,-3.344612,36.779831,19.592357,139.640101,73,73,
