amp_b,phase_b_deg,score,avg_rms_bias_deg,p95_rms_bias_deg,avg_max_abs_bias_deg,max_abs_bias_deg,avg_valid_percent,avg_reference_monotonic_percent,curve_count,pdoa_rms_target_met,pdoa_max_target_met
1.0,-92.5,112.81382021261084,46.392333965811204,79.7490630974206,134.3722567025856,179.9582947531565,99.69558599695586,71.60493827160494,288,False,False
1.0,-90.0,112.85581946962026,46.443142486034105,80.85091073002434,134.3903380210938,179.97878216542108,99.71461187214612,71.52777777777777,288,False,False
1.0,-95.0,112.94853794230045,46.49807335910085,78.67632086255347,134.51401130943836,179.8921076967501,99.67180365296804,71.58564814814815,288,False,False
0.975,-92.5,113.50324654884649,46.468696486116,79.25741740707704,134.50994567316016,179.97037510106648,99.64802130898022,71.5810526740691,288,False,False
0.975,-90.0,113.5307380338981,46.51393333865181,80.37277011562604,134.57024035377026,179.90272202163453,99.69558599695586,71.56176255061231,288,False,False
1.025,-92.5,113.87932592187693,46.31897184233126,80.26070660640059,134.2474662541123,179.90635837339107,99.70509893455099,71.54706790123457,288,False,False
1.025,-90.0,113.93678636656317,46.37027005089562,81.34707970272846,134.24028091842197,179.9617822092415,99.72412480974124,71.2770061728395,288,False,False
1.025,-95.0,114.03634383247889,46.43373390727426,79.20633560447926,134.5655749116417,179.89876594890274,99.67656012176559,71.56635802469135,288,False,False
0.975,-95.0,114.0448351375116,46.61760077356224,78.84693011894905,134.5224569234713,179.9517907826376,99.68607305936072,71.62422839506172,288,False,False
1.0,-97.5,114.11284092563804,46.74030798957406,79.19890721135717,134.59852357872575,179.94033966617485,99.68607305936072,71.54706790123457,288,False,False
1.0,-87.5,114.16219269757416,46.48903555810992,81.98454784074238,133.7939526057308,179.92898230531145,99.7431506849315,71.34822049581439,288,False,False
0.95,-90.0,114.30032479590915,46.64936643150775,79.9133628735592,134.8953830917129,179.75620374806016,99.71461187214612,71.54247242715553,288,False,False
0.95,-92.5,114.3517036936659,46.59902433132858,78.91190976406992,134.8035017006616,179.9696901230376,99.67656012176559,71.52345399557841,288,False,False
1.025,-97.5,114.52227793635424,46.66714510946448,78.52516464478708,134.73045598863976,179.85252328334525,99.68131659056317,71.4891975308642,288,False,False
0.975,-87.5,114.90953938839473,46.62369777359245,81.51723477950229,134.15512925396285,179.91463151047066,99.76693302891934,71.43024039297512,288,False,False
1.05,-90.0,114.99097177831278,46.367209848235014,81.74556170247597,134.14273886595709,179.9527556088268,99.70509893455099,71.25771604938272,288,False,False
1.025,-87.5,115.01277367010142,46.44926238744005,82.08882441357345,133.8495873661307,179.67205198278054,99.7431506849315,71.28897614079538,288,False,False
1.05,-92.5,115.13736372149025,46.42335741695405,80.7917805734304,134.6297432554405,179.9965563938179,99.7574200913242,71.41203703703704,288,False,False
0.925,-90.0,115.14848496928116,46.78465268545923,79.47351479259028,135.05247472276773,179.99154174779528,99.70034246575342,71.54247242715553,288,False,False
1.0,-100.0,115.18979214223693,47.021545817929834,79.50399605983242,134.99272149902805,179.89466668700686,99.65753424657534,71.46311511041557,288,False,False
1.05,-95.0,115.191869927952,46.43887289330941,79.7592612083098,134.57080059863048,179.8294511319598,99.69558599695586,71.39274691358024,288,False,False
1.0,-85.0,115.21860975085656,46.66274344803702,82.42488408776349,133.37912730821054,179.9453593900862,99.76217656012176,71.21263072260724,288,False,False
0.975,-97.5,115.45568494311604,46.8485933946851,79.88375933334332,134.49639145967953,179.80739165112965,99.67656012176559,71.60493827160494,288,False,False
1.05,-97.5,115.51343854405216,46.679167224269754,78.75227281933982,134.7881396855015,179.94591716333196,99.71461187214612,71.43132716049382,288,False,False
0.95,-95.0,115.52493333793312,46.72661953122723,79.66581635166888,134.79568403709843,179.96951597187785,99.65277777777777,71.46338680229525,288,False,False
0.95,-87.5,115.72432968246687,46.77822361868861,81.06734922991173,134.70183444017945,179.94977932137405,99.77168949771689,71.42021108130263,288,False,False
1.075,-90.0,115.79622641413769,46.39870661211133,81.6941383510724,134.26501320013753,179.9040269622775,99.68607305936072,71.35416666666667,288,False,False
1.05,-87.5,115.84730471739647,46.43031167380486,82.04019748826475,134.01608410959028,179.96872118231954,99.71461187214612,71.21506042427404,288,False,False
1.0,-102.5,115.8549384336059,47.460268631360776,78.84825655327515,135.71501062689345,179.80462548813932,99.63375190258752,71.73426360632934,288,False,False
0.925,-92.5,115.95651545233261,46.80951413675199,79.8406697419283,135.18163117053683,179.59329542292926,99.68607305936072,71.5022387410885,288,False,False
1.025,-85.0,115.97548624142536,46.62631639704495,82.30990589823074,133.4319470836775,179.9652001079113,99.76693302891934,71.250116439377,288,False,False
0.975,-100.0,116.01696191265707,47.16033418820002,79.19354563680686,134.78071001354496,179.80759158904738,99.65753424657534,71.56364110589463,288,False,False
1.025,-100.0,116.15379162161098,46.965800962229075,79.8217525981506,135.16951056212454,179.8202036104584,99.64326484018265,71.50306934197779,288,False,False
0.975,-85.0,116.1885227271068,46.7451435930876,82.47366982047917,133.46298035967973,179.96723750996188,99.74790715372907,71.42838512556823,288,False,False
1.0,-82.5,116.19665743763659,46.933247328110376,82.51448079089008,133.32100607321394,179.99683575109572,99.77644596651446,70.94174615594802,288,False,False
1.075,-92.5,116.26090773945297,46.414236013721165,81.34165752866734,134.4668347988709,179.9898630176566,99.69558599695586,71.2770061728395,288,False,False
0.95,-97.5,116.3935044208253,46.998356852288936,79.72128962724702,134.65652207691053,179.58242926227615,99.6622907153729,71.58564814814815,288,False,False
1.075,-95.0,116.4456731056612,46.52986083600105,80.33550232746249,134.82036317456019,179.92102024727296,99.70509893455099,71.21913580246913,288,False,False
1.1,-90.0,116.59527193939425,46.417913014786535,81.64556049050455,134.14747417411502,179.985262676538,99.68607305936072,71.37345679012346,288,False,False
0.925,-87.5,116.61382423889586,46.972459011722904,80.63553650443814,135.04596448285002,179.97478260670596,99.78120243531203,71.3881514395012,288,False,False
1.075,-97.5,116.62555888742087,46.6370364153448,79.35560329676089,134.77785499926495,179.80663941952514,99.68607305936072,71.21533211615372,288,False,False
1.075,-87.5,116.64206821926858,46.46139117121694,81.97460795979002,134.09495609537922,179.85614279146233,99.72888127853882,71.25771604938272,288,False,False
1.05,-85.0,116.70213744882969,46.58360351080733,82.18819728333897,133.4632296508323,179.90921761242953,99.72888127853882,71.19224606900663,288,False,False
1.025,-102.5,116.82769714366326,47.44966413171099,79.02390905121567,135.6888467428654,179.915494896312,99.68131659056317,71.57885585115632,288,False,False
1.05,-100.0,116.86384360795424,46.98903788263789,79.51531304077123,135.1991048221536,179.95560553156392,99.6908295281583,71.48433036490547,288,False,False
0.9,-90.0,116.8714317654817,47.012361066556544,80.42079728918559,135.3156146481578,179.99913090014013,99.69558599695586,71.32862762997739,288,False,False
0.925,-95.0,116.91874401790058,46.8653196492675,80.2753485073186,134.89984711301702,179.97858647265525,99.62899543378995,71.54109067988176,288,False,False
0.975,-102.5,116.92470023384716,47.59624969308132,78.99871506563049,135.74685906985061,179.56673321519503,99.65753424657534,71.73481475271382,288,False,False
1.025,-82.5,116.93437463519817,46.87510174602647,82.39096743161444,133.24725631001314,179.94920785645553,99.7574200913242,70.82573372332762,288,False,False
0.95,-100.0,116.96338237328702,47.35083222447612,78.89150389548176,134.95135829394738,179.98896870182125,99.66704718417047,71.58564814814815,288,False,False
1.075,-100.0,117.00436802423967,46.9378731066778,78.3846079729652,135.124075033209,179.77524406187422,99.68131659056317,71.30745895123829,288,False,False
1.1,-92.5,117.07315601426512,46.425552520390774,81.34184633145699,134.33226851707872,179.89475608149337,99.65753424657534,71.14197530864197,288,False,False
0.95,-85.0,117.11497605262802,46.88748098480783,82.24946037490083,133.53361857033403,179.91204582898183,99.77644596651446,71.31265214745262,288,False,False
0.975,-82.5,117.19687276598364,47.016078110860136,82.64674685175395,133.36155229432867,179.77112953633429,99.76217656012176,71.02082401818318,288,False,False
1.0,-80.0,117.24469546441787,47.31248511552537,82.58140313402068,133.54293984985492,179.974734825396,99.76217656012176,70.84529553866408,288,False,False
1.0,-105.0,117.34315964323538,48.044238936559594,79.3564410400026,136.58876140762163,179.8666179313713,99.67656012176559,71.81116017090196,288,False,False
0.925,-97.5,117.37188170124801,47.160138135381466,79.43538707844978,134.9441435301445,179.99260932501903,99.66704718417047,71.60493827160494,288,False,False
1.125,-90.0,117.37420779081545,46.438802831942695,81.59962502861804,133.9691027978008,179.990217200075,99.65277777777777,71.35416666666667,288,False,False
1.1,-87.5,117.39523444229083,46.501479159152574,81.86117948515236,134.04035653481114,179.646119551992,99.70985540334856,71.23842592592592,288,False,False
0.95,-102.5,117.45758284941782,47.716670182094745,78.06524983555201,135.5660568593788,179.85922837458423,99.65753424657534,71.85193724072832,288,False,False
1.075,-85.0,117.4904086506159,46.60053687041383,82.07375165016718,133.72825565937546,179.9523545130775,99.72888127853882,71.07651309089103,288,False,False
1.1,-95.0,117.515284890949,46.47186117971356,80.93378194385353,134.74553840692744,179.84730826056966,99.6622907153729,71.13248161810368,288,False,False
0.9,-92.5,117.55400713495217,47.02347723653833,80.52084256151102,135.25240861709955,179.97642819282913,99.68131659056317,71.38704138410712,288,False,False
1.05,-82.5,117.64876922005385,46.86982998701504,82.2754343341436,133.3648319883113,179.51553269151384,99.73839421613394,70.8455749931689,288,False,False
0.9,-87.5,117.67964942439221,47.207015946874215,80.40182661577538,135.293752398072,179.99169468770543,99.78120243531203,71.32973768537148,288,False,False
1.125,-92.5,117.84111747314114,46.46937978690169,81.28169580150305,134.20232199392362,179.7787149351239,99.65753424657534,71.23842592592592,288,False,False
1.1,-97.5,117.8769418057435,46.7110283508866,79.99015581627835,134.8419997680083,179.9853680428759,99.70034246575342,71.13331221899297,288,False,False
0.925,-100.0,117.89435385426886,47.53238524191793,78.59913014137511,135.1238594739552,179.917220982623,99.67656012176559,71.66280864197532,288,False,False
1.025,-80.0,117.98526403323783,47.25691957024046,82.46472592979491,133.45981856699254,179.99517198977637,99.75266362252664,70.84584668504857,288,False,False
0.9,-95.0,117.98655060052596,47.13118140111623,80.00357550466603,135.31345525973018,179.9104296686109,99.65753424657534,71.46448133243908,288,False,False
0.925,-85.0,118.04974137285804,47.122649442700805,81.82405063626038,134.27793797769357,179.97233194790033,99.78595890410958,71.31477134411406,288,False,False
1.05,-102.5,118.09003825092377,47.48839085942062,79.7374280360192,135.917226332545,179.89763975452473,99.69558599695586,71.61798724445438,288,False,False
1.025,-105.0,118.18240770427015,48.029956187595246,79.32614716797903,136.42404294349802,179.96851871163602,99.6908295281583,71.81060902451748,288,False,False
1.125,-87.5,118.21122029639697,46.55630422534146,81.75390050260293,133.98855683796316,179.9421130561219,99.67180365296804,71.19984567901234,288,False,False
1.15,-90.0,118.24172377973997,46.589350266241,81.5322599311128,134.08201861066132,179.84586616984956,99.6622907153729,71.2770061728395,288,False,False
0.975,-80.0,118.24385217185196,47.37637986275232,82.7068983010374,133.32017628099808,179.84729341767257,99.75266362252664,70.82627710708697,288,False,False
1.1,-85.0,118.27451789268866,46.66017761669318,81.96598738938415,133.9011087275016,179.91406628943133,99.6908295281583,71.18055555555556,288,False,False
0.95,-82.5,118.30811981741932,47.1388266443004,82.78863549447327,133.36304700380146,179.9850393541794,99.75266362252664,71.1977264823509,288,False,False
1.125,-95.0,118.31268856727219,46.563230278511895,80.79408419534354,134.77080142197795,179.89634381161756,99.65277777777777,71.17051071863278,288,False,False
0.875,-90.0,118.31599542983307,47.26980166285967,80.81327509584993,135.5167306564137,179.95319016466948,99.68607305936072,71.34846113719352,288,False,False
1.1,-100.0,118.3267627540686,47.0811555079803,79.04294500251031,135.03836520988423,179.9595915433489,99.72888127853882,71.34578303152246,288,False,False
0.975,-105.0,118.37425883002896,48.166963812201345,79.38796071166271,136.69230113589256,179.97958828352688,99.68131659056317,71.83264711727152,288,False,False
1.0,-107.5,118.42445819531913,48.74060450402362,78.93220318187403,137.1015408126536,179.85625659916218,99.70985540334856,71.86608850634673,288,False,False
0.9,-97.5,118.47033931955698,47.45731794517897,79.15947079260395,135.39469544242144,179.9695749671746,99.6908295281583,71.56635802469135,288,False,False
1.075,-82.5,118.4812224419543,46.89151382196821,82.16719487573079,133.62158841768235,179.98696236530452,99.72888127853882,70.88361185632313,288,False,False
0.925,-102.5,118.51694503411588,48.02517243771854,77.76507312128145,136.14689735234435,179.82232519588763,99.67656012176559,71.91358024691357,288,False,False
1.0,-77.5,118.51778309606594,47.93161214379597,82.63993089566785,133.86398765712167,179.95392754443054,99.80022831050229,70.85262345679013,288,False,False
0.875,-92.5,118.66943430987021,47.309969435336136,80.2968802374243,135.50788370143576,179.78747815095608,99.67656012176559,71.42672392378965,288,False,False
1.15,-92.5,118.67156602554701,46.606163138067934,81.12897939771565,134.2903447286474,179.927813397754,99.67180365296804,71.2770061728395,288,False,False
1.05,-80.0,118.7823048967014,47.265380662994225,82.3560496621337,133.50910053476588,179.99068400671229,99.7574200913242,70.7292908686688,288,False,False
1.075,-102.5,118.90365354961524,47.48865387359753,79.71470742647972,135.96471006867137,179.96785337538552,99.70034246575342,71.61908953722335,288,False,False
0.9,-100.0,118.95141978241463,47.80215811569868,78.31786060099431,135.5603637646786,179.94527381347143,99.65277777777777,71.79593766301512,288,False,False
1.05,-105.0,118.95701560878054,48.03514067166419,79.29698557696445,136.49050918942837,179.53685564545526,99.70034246575342,71.8103373326378,288,False,False
1.125,-97.5,118.97649095973534,46.84394560225716,80.36272402244748,135.1174391132023,179.82555284969976,99.72888127853882,71.13220992622401,288,False,False
1.15,-87.5,119.0457764162032,46.684968064523304,81.652324321186,134.12260904902072,179.9747862639744,99.68607305936072,71.25771604938272,288,False,False
1.175,-90.0,119.0482871755992,46.69138218295766,81.43075733628511,134.1801634759154,179.90727257759357,99.64326484018265,71.21913580246913,288,False,False
0.9,-85.0,119.07596252289765,47.4219528373087,81.41612967627151,134.50595752190648,179.98355644255497,99.80022831050229,71.33487654320987,288,False,False
1.125,-85.0,119.0960574338577,46.759194821473294,81.86438342119612,134.1779597382689,179.910287523644,99.67656012176559,71.19984567901234,288,False,False
1.15,-95.0,119.12238170684277,46.681222747514674,80.64909786342237,135.04785696925143,179.94518997072078,99.63850837138509,71.15094890329632,288,False,False
0.875,-95.0,119.15778037186658,47.45337441871524,79.74193628631713,135.6313004051091,179.99783908274895,99.65753424657534,71.42755452467894,288,False,False
1.025,-107.5,119.2266690772945,48.68629209541204,78.89637370051028,137.0668187086693,179.99530214201246,99.72412480974124,71.84974041781554,288,False,False
1.025,-77.5,119.25831429991118,47.88957772155626,82.53089828063958,133.7704721553911,179.85794719193063,99.79071537290716,70.89120370370371,288,False,False
1.1,-82.5,119.3017361342127,46.967549846350735,82.06563786904253,134.0296670010822,179.9905167104606,99.72888127853882,70.87191358024691,288,False,False
0.875,-87.5,119.32941268297009,47.366845174683895,81.36223866648339,135.10088292364418,179.78461971923645,99.73363774733637,71.2517388280299,288,False,False
0.95,-80.0,119.34139274656982,47.5031230338792,82.84213793731907,133.26316014726072,179.9117854771382,99.76217656012176,70.9643198698363,288,False,False
1.175,-92.5,119.38080988370174,46.65704956750046,80.97294510560702,134.44607924836896,179.86659913245126,99.62899543378995,71.23380716397148,288,False,False
0.95,-105.0,119.40949623743221,48.28456550453378,79.42082076785125,136.64692089827398,179.87308358485893,99.6622907153729,71.7340229649502,288,False,False
0.925,-82.5,119.43060149572868,47.30058473736364,82.8474556943925,133.37135726302526,179.93547505040192,99.76217656012176,71.12002260476439,288,False,False
0.975,-107.5,119.443500519016,48.844130048532776,78.96940524804803,137.32315079234863,179.93657211281152,99.70985540334856,71.80821813597635,288,False,False
0.975,-77.5,119.50194480993024,47.97793421886641,82.75778407905246,133.53577731297017,179.8988412428912,99.78595890410958,70.85262345679013,288,False,False
0.85,-90.0,119.57413698249015,47.63254188544972,80.61540079061174,135.77540976105334,179.91480232729032,99.70034246575342,71.33137559927465,288,False,False
1.075,-80.0,119.57444256240393,47.318823720704536,82.25465272368542,133.8711010088891,179.88196390203564,99.73363774733637,70.8295296470179,288,False,False
1.0,-110.0,119.59943540222798,49.58834375421705,78.37796855382402,138.7428537888478,179.9658382258085,99.7574200913242,71.92691643689297,288,False,False
0.875,-97.5,119.6154880251531,47.78125814183833,78.89496354270595,136.12398515042662,179.89777328950072,99.68131659056317,71.60088618128525,288,False,False
0.9,-102.5,119.61976657869886,48.3142466847721,77.47715313806748,136.31251215918206,179.95822019279683,99.70509893455099,71.875,288,False,False
1.125,-100.0,119.62002249228206,47.19518741319779,79.74710791062591,135.27138603494154,179.90670418573586,99.73839421613394,71.17080569838785,288,False,False
1.1,-102.5,119.65523996568164,47.53022111382719,79.55719399931333,135.95979585649206,179.88345178048445,99.72888127853882,71.53866874084011,288,False,False
1.0,-75.0,119.67000962863618,48.44717886630888,82.68986471580162,133.88210552692783,179.83830438884257,99.7574200913242,70.87191358024691,288,False,False
1.15,-97.5,119.72933436863416,46.91958272459426,80.22756200718358,135.17377312361918,179.72442658153284,99.68607305936072,71.13165877983953,288,False,False
1.175,-87.5,119.83320955217836,46.81923133540982,81.55604803703837,134.20836710644835,179.64852570884142,99.66704718417047,71.2770061728395,288,False,False
1.075,-105.0,119.85593869090329,48.12243855606853,79.1884725431515,137.01627028231735,179.98520645571466,99.76217656012176,71.8106167871426,288,False,False
1.175,-95.0,119.87881408366012,46.77907851468232,80.49857498228198,135.1642273637606,179.91284226637976,99.62899543378995,71.17051071863278,288,False,False
0.85,-92.5,119.89548054306566,47.67257133052365,80.05842008523379,135.88715328228267,179.7652446600456,99.65753424657534,71.52537136398638,288,False,False
1.2,-90.0,119.90731997051611,46.85658382521654,81.33420743332096,134.38056968542296,179.97183253356053,99.62899543378995,71.14197530864197,288,False,False
1.15,-85.0,119.94954723937448,46.885468447308455,81.76847220376436,134.34220758853812,179.98216975187677,99.67180365296804,71.12268518518518,288,False,False
1.05,-107.5,119.99679038884206,48.7290750247435,78.69477789480747,137.45441460364714,179.98740521496063,99.76693302891934,71.83045029435874,288,False,False
1.05,-77.5,120.07602040624374,47.91858552467906,82.42982768888035,134.20164891746197,179.8845672730372,99.79547184170471,70.85262345679013,288,False,False
1.125,-82.5,120.09635233085237,47.056611162520525,81.97021837318526,134.2030172715696,179.9455978035437,99.66704718417047,71.04552469135803,288,False,False
0.875,-100.0,120.11077951503046,48.13558353525629,78.05200355255297,136.0737087290711,179.95300189842578,99.67180365296804,71.87121960155997,288,False,False
1.025,-110.0,120.26061340251418,49.4755586620552,78.26860101172831,137.93579203735402,179.79969870653923,99.7574200913242,71.9654889211814,288,False,False
1.2,-92.5,120.26397024853286,46.874463527458616,80.81346374939471,134.95371530512003,179.98532894103022,99.6622907153729,71.15637497826465,288,False,False
0.85,-95.0,120.30599278698224,47.73465627933798,79.5649447889211,135.55139823782437,179.75193240398755,99.61948249619483,71.56100957597437,288,False,False
1.125,-102.5,120.34866929363133,47.61250441389924,79.21203821519312,135.24762268132028,179.99902000154634,99.75266362252664,71.47540334600194,288,False,False
1.1,-80.0,120.43664783980455,47.426355638114515,82.15989657125296,134.29590588786107,179.9843802738966,99.72412480974124,70.87191358024691,288,False,False
0.875,-85.0,120.4567354763559,47.67296432590005,81.67241148297978,134.63109483085995,179.97085547374127,99.79547184170471,71.21913580246913,288,False,False
0.95,-107.5,120.46483268323914,48.95226785418689,79.00810129258545,137.51024047434893,179.8172629951771,99.67180365296804,71.77074018183174,288,False,False
1.175,-97.5,120.51393454494573,47.009152445449395,80.08446743029498,135.2591850038813,179.89706129977185,99.65753424657534,71.07351671758948,288,False,False
1.025,-75.0,120.515887507421,48.47031145786782,82.58936289793684,134.26768987387493,179.97375464732824,99.7574200913242,70.83333333333333,288,False,False
1.15,-100.0,120.5571469578158,47.29756958127742,79.87179347947324,135.39413108804087,179.87940454689942,99.7431506849315,71.11264811088755,288,False,False
0.95,-77.5,120.56727011704153,48.0835215313927,82.88543913938724,133.30721000014069,179.7908985647723,99.78595890410958,70.85262345679013,288,False,False
0.925,-80.0,120.63300477415893,47.789604920970525,82.98817385241395,133.67458165783867,179.8845855074229,99.77644596651446,70.94907407407408,288,False,False
0.9,-82.5,120.64345695386423,47.662492794460874,82.63575492140389,134.14802580113752,179.96995126851368,99.77644596651446,71.00694444444444,288,False,False
0.85,-87.5,120.65189455183133,47.743804708407325,81.22147678493283,135.37751277359257,179.9519259514019,99.7574200913242,71.29439445313858,288,False,False
0.975,-110.0,120.68334942593052,49.77366773435195,78.41506613625663,139.51414360025586,179.9719145937254,99.7431506849315,71.94865178726681,288,False,False
1.2,-95.0,120.68851961656938,46.93010025874347,80.34240325041165,135.28543329797546,179.95777423975076,99.64802130898022,71.09335022480563,288,False,False
1.2,-87.5,120.70457715070751,46.977262052404704,81.46470770377798,134.39008789428863,179.8517562109681,99.65753424657534,71.19984567901234,288,False,False
1.075,-107.5,120.7200969854354,48.75180294600522,78.49303263850477,137.29717697044003,179.95283921731476,99.77644596651446,71.84891757955138,288,False,False
0.975,-75.0,120.72503257829406,48.55551268298979,82.79910869840967,133.63290372133122,179.9285729148163,99.76693302891934,70.9104938271605,288,False,False
0.925,-105.0,120.7273915222887,48.6618461668853,79.45516118150805,137.65916939927496,179.9650943492872,99.70985540334856,71.89265997217875,288,False,False
1.0,-112.5,120.73152371683581,50.51068820417057,77.6736370527528,139.59563160077448,179.81662950447463,99.80022831050229,72.02660406885758,288,False,False
1.175,-85.0,120.73860409426864,47.009248604033644,81.67783354132231,134.42035967572667,179.68273506428727,99.6622907153729,71.08410493827161,288,False,False
1.1,-105.0,120.75440971806337,48.19269112220826,79.24176997975242,136.84847631793284,179.9553681469423,99.78120243531203,71.77313883299799,288,False,False
1.075,-77.5,120.87955480741313,47.93161923006147,82.3359662836368,134.22974653866822,179.97696867067287,99.75266362252664,70.7175925925926,288,False,False
1.15,-82.5,120.91823080325851,47.172402775777044,81.88044961072315,134.43106096387066,179.90970005934975,99.65753424657534,71.08410493827161,288,False,False
1.0,-72.5,121.02409908982366,49.13406518651173,82.76287374868757,133.7375992325026,179.82322229055922,99.77168949771689,70.83333333333333,288,False,False
1.05,-110.0,121.03339932895618,49.51089738253694,78.05648002165489,138.13054702304814,179.9077480141861,99.79071537290716,71.92635752788334,288,False,False
0.925,-77.5,121.06589186111908,48.22401659854163,81.84747074725675,133.36856293177124,179.934561288684,99.78120243531203,71.0004238393323,288,False,False
0.85,-97.5,121.06707568554104,48.12100277489768,79.15379496067624,136.50072455397307,179.64859646761704,99.64802130898022,71.67831836699207,288,False,False
1.125,-80.0,121.2159708760093,47.46714730804746,82.07121495285344,134.35070027768475,179.97440713953267,99.6908295281583,70.79475308641976,288,False,False
0.825,-90.0,121.23584985266129,48.085612307493015,80.95671701830314,136.39125369322016,179.74673608411354,99.70034246575342,71.29249260998087,288,False,False
0.875,-102.5,121.27654073970831,48.64247413444007,78.159678045175,136.6673653269427,179.74308807252748,99.70034246575342,71.87282646496261,288,False,False
1.05,-75.0,121.28217055285145,48.45434673726515,82.49670958621714,134.30528857195057,179.89196594890097,99.74790715372907,70.77546296296296,288,False,False
1.175,-100.0,121.28769244745249,47.38167632006694,79.73841807098154,135.42381246945968,179.65055463479666,99.71461187214612,71.11209696450307,288,False,False
1.2,-97.5,121.30360141442794,47.13850054396208,79.93335361928662,135.42270579926878,179.964586192632,99.65753424657534,71.0349364706759,288,False,False
0.825,-92.5,121.3988297196724,48.08890381913217,80.10409927030472,136.2022619520125,179.8918184293899,99.64802130898022,71.43031025660133,288,False,False
1.15,-102.5,121.45155258644034,47.74143636030049,79.58961545570386,135.4536026202007,179.9280932542448,99.77168949771689,71.36370693295575,288,False,False
1.025,-112.5,121.49514558031306,50.43856652074436,77.65145674936745,139.28639071436754,179.8483650104996,99.79547184170471,72.16435185185185,288,False,False
0.95,-75.0,121.56179769123305,48.65835137866698,82.50116075244802,133.43510021260406,179.88411370026938,99.79547184170471,70.90397322204835,288,False,False
1.125,-105.0,121.60371317592588,48.29046266341516,79.21560565486575,136.70088157826513,179.83149574869873,99.80498477929984,71.77313883299799,288,False,False
1.1,-77.5,121.63471265858558,47.94034007366642,82.24865223575222,134.36546815289498,179.94131918213907,99.69558599695586,70.7175925925926,288,False,False
1.2,-85.0,121.65584116338724,47.209940354926324,81.59208911856392,134.58265388640388,179.98350523299405,99.70034246575342,71.12268518518518,288,False,False
0.875,-82.5,121.6876929515355,47.934354400122004,82.24835386882621,134.30993029467902,179.961388003382,99.76693302891934,70.92978395061728,288,False,False
1.1,-107.5,121.6985870166765,48.89572598237685,78.5474150896066,137.27884667766563,179.9217884882063,99.82876712328768,71.75246696226743,288,False,False
0.975,-112.5,121.74643105203212,50.56373053403696,77.8064717833889,140.05260100766077,179.93837114577866,99.7431506849315,72.08094244479221,288,False,False
0.95,-110.0,121.77381664291588,49.92593503399725,78.4645087875234,140.0007857544286,179.9772896714976,99.71461187214612,71.86984561691135,288,False,False
1.175,-82.5,121.78464621271911,47.32878184130687,81.79589588700028,134.83521550200658,179.97144822019288,99.66704718417047,71.06481481481482,288,False,False
1.025,-72.5,121.79645436286157,49.10484919151473,82.64019813751318,134.10250465500107,179.9481526866453,99.7574200913242,70.87191358024691,288,False,False
1.075,-110.0,121.82518599840166,49.59402845383773,77.85019548244583,138.30225328796502,179.99729392736003,99.84303652968036,71.98802382194401,288,False,False
0.925,-107.5,121.82692282833689,49.34839594531319,79.04843733463477,139.05716615852168,179.97956515651276,99.6908295281583,71.79322850684353,288,False,False
0.825,-95.0,121.8385218507118,48.371790166118345,79.26150115097875,137.6931994056806,179.94625571523835,99.65753424657535,71.54328750279454,288,False,False
0.9,-105.0,121.86815694628126,48.89007864055399,79.38693217260021,137.65563041233878,179.88513594815254,99.68131659056317,71.81549947835158,288,False,False
0.85,-85.0,121.8737339154004,47.9791696712984,81.86624844081294,134.86263132861873,179.93021855582947,99.77644596651446,71.19984567901234,288,False,False
0.9,-80.0,121.89031166962242,48.006424696531845,83.1462006657833,133.73323587568638,179.8339060006704,99.78120243531203,70.87191358024691,288,False,False
0.85,-100.0,121.93763582241054,48.517444125283156,78.84775898235391,136.6168518969645,179.9383674383207,99.68607305936072,71.85165778622351,288,False,False
1.15,-80.0,122.05658708126866,47.60312736339333,81.98810456044525,134.53084555559073,179.97627813669374,99.70509893455099,70.92978395061728,288,False,False
1.075,-75.0,122.06939399251522,48.45747980490923,82.41112730330302,134.34014292822792,179.98945262175027,99.72412480974124,70.75617283950618,288,False,False
1.2,-100.0,122.14038863137387,47.54887434351833,79.59459246909297,135.53137172184879,179.92642727755646,99.72412480974124,71.11182527262339,288,False,False
1.175,-102.5,122.24502356420494,47.85544728272288,79.46851244976583,135.60950060851926,179.98200702191116,99.7431506849315,71.43975737138882,288,False,False
0.825,-87.5,122.24593609520481,48.1974537353738,81.39731476607137,135.79724819607094,179.95750301312182,99.76217656012176,71.23625239088854,288,False,False
0.975,-72.5,122.28043784713935,49.201766999403965,83.31028927976625,133.43672979874023,179.9481526829311,99.78595890410958,70.90397322204835,288,False,False
0.825,-97.5,122.40939727426182,48.59549045720106,78.79502219123549,137.30045565123578,179.76770565418235,99.62423896499239,71.54164182626624,288,False,False
1.125,-77.5,122.41732768058156,47.977073598062056,82.16730212336626,134.60485199361733,179.9589944062842,99.65753424657534,70.64043209876543,288,False,False
1.15,-105.0,122.50543789367391,48.40869209901013,79.26670219559523,136.64238164870508,179.65486842207758,99.84303652968036,71.64351851851852,288,False,False
0.875,-80.0,122.53169847510162,48.15153331113383,82.2326543181707,133.24486056945403,179.96841694400212,99.75266362252664,70.833605025213,288,False,False
0.9,-77.5,122.55678811289893,48.3451044487421,82.62649653710676,132.95496295339368,179.85375242525203,99.76217656012176,71.0093896713615,288,False,False
1.05,-72.5,122.56437339914379,49.09383908840758,82.55682524852229,134.34658289056662,179.8283237011076,99.73363774733637,70.85262345679013,288,False,False
1.05,-112.5,122.58985474536422,50.485311752581914,78.00755908533976,139.4997363685877,179.9883813981771,99.82876712328768,72.18364197530865,288,False,False
0.875,-105.0,122.6024217024985,49.217556897200396,78.32789029270684,137.9526403886158,179.9724347061799,99.70509893455099,71.81522778647191,288,False,False
1.2,-82.5,122.61119055990743,47.46205556956566,81.71616640371343,135.06687257266873,179.93816836868734,99.67656012176559,70.96836419753087,288,False,False
1.125,-107.5,122.68322498821472,48.97833500758138,78.76500908651708,137.25036713721946,179.9545300236527,99.8525494672755,71.77610415579899,288,False,False
0.85,-82.5,122.8100926722375,48.22148226909345,81.94330750522845,134.52675851016912,179.92193055801943,99.78595890410958,70.92326334550513,288,False,False
1.1,-75.0,122.82579279097673,48.475771789441744,82.33193737422165,134.3619294617236,179.89537461702287,99.70509893455099,70.81404320987654,288,False,False
1.0,-115.0,122.83942879991821,51.39733632449176,78.76652294643944,140.56892362238108,179.9054308242658,99.7431506849315,72.18146844027126,288,False,False
0.85,-102.5,122.86716433502764,48.95549111306123,78.67229065040898,136.65986870025336,179.56449146580962,99.68131659056317,71.7731155451226,288,False,False
0.925,-75.0,122.88052762514374,48.725587756908865,83.12568456109653,132.80962221202006,179.8334996519685,99.80022831050229,71.02867979481829,288,False,False
1.175,-80.0,122.91524501085324,47.752971324359905,81.9101169442342,135.04413913131043,179.93344476564533,99.70985540334856,70.83333333333333,288,False,False
0.925,-110.0,122.92238298092106,50.11358363924256,78.52950217306216,140.29892163995467,179.99772005457453,99.70509893455099,71.90814640932012,288,False,False
0.95,-112.5,122.96411193727475,50.70031426739787,78.15233745402467,140.37485648913608,179.94146958036603,99.72412480974124,72.20075856372804,288,False,False
1.1,-110.0,123.00206528653092,49.70464395788773,78.35621797821969,138.26342502801515,179.90967251698703,99.89535768645356,71.99074074074073,288,False,False
0.9,-107.5,123.00747746240219,49.55803332785184,79.09058893182502,139.00573422493315,179.96014771320142,99.64326484018265,71.81196748391584,288,False,False
1.2,-102.5,123.02126580288974,47.998124355549216,79.33458507019432,135.87000812873845,179.6674385470233,99.75266362252664,71.3047265071913,288,False,False
1.0,-70.0,123.09787534416682,49.8665824346862,84.04252333589562,133.9209099807426,179.83053611664423,99.78595890410958,70.7175925925926,288,False,False
0.825,-85.0,123.11605942028856,48.254371584623044,81.76354753400283,134.58074641591668,179.74520426061304,99.76693302891934,71.11371935315597,288,False,False
1.15,-77.5,123.21149965369236,48.039010946815914,82.09140016711892,134.83005957192978,179.98098789304936,99.64326484018265,70.56327160493828,288,False,False
0.825,-100.0,123.30113324851413,48.92046784278324,78.68630602936317,137.01159401452512,179.97421696376102,99.62899543378995,71.7739306207616,288,False,False
1.075,-72.5,123.33236812187465,49.08311735440093,82.48030447525875,134.42750584714872,179.85557093025415,99.71936834094369,70.85262345679013,288,False,False
1.175,-105.0,123.33532250746846,48.49684908233979,79.16596946169832,136.69666639206636,179.9905640224802,99.83352359208523,71.54706790123457,288,False,False
0.8,-90.0,123.3791839887072,48.61690637411693,81.92303515308059,136.87306618661339,179.82696804296404,99.67656012176559,71.27428925404278,288,False,False
0.95,-72.5,123.49995600478832,49.23756366854301,83.89747187712862,132.80921289037988,179.6725695909235,99.79547184170471,70.99037123978438,288,False,False
1.025,-115.0,123.5839198166814,51.37061521770192,78.60704898154619,140.5763759301537,179.96210257376163,99.76217656012176,72.23933881064164,288,False,False
1.15,-107.5,123.58641698260978,49.061831686603284,78.854192964516,137.26118291278533,179.98290709011684,99.84303652968036,71.73996913580247,288,False,False
1.125,-75.0,123.62982439316136,48.543213295033866,82.25854531004576,134.4829352958525,179.86344752332906,99.70034246575342,70.81404320987654,288,False,False
1.025,-70.0,123.64981957086769,49.84837569068105,83.51069498362577,134.12321586311873,179.99869804896085,99.76693302891934,70.87191358024691,288,False,False
1.2,-80.0,123.72592638899378,47.8811353815399,81.83685152968641,135.41980788751977,179.89345283617558,99.6908295281583,70.87191358024693,288,False,False
1.125,-110.0,123.82322198555296,49.754012135943405,78.32011871167622,138.09484391101248,179.88761458376212,99.8525494672755,71.85570987654322,288,False,False
0.975,-115.0,123.91112280414423,51.47514545895497,78.9593815218575,140.71959771073438,179.99195260252554,99.72888127853882,72.20347548252478,288,False,False
0.8,-92.5,123.91510761822052,48.7417562857921,81.53886999308043,137.8490084681097,179.951946033206,99.68607305936072,71.45061728395062,288,False,False
1.075,-112.5,123.9915933076474,50.50607996922977,79.06027657154495,139.33137123597797,179.82658547314577,99.83828006088281,72.14506172839506,288,False,False
1.175,-77.5,124.02293403020455,48.15377376934811,82.02048904795731,135.20163726274507,179.98135992022833,99.63850837138509,70.67901234567901,288,False,False
1.1,-72.5,124.12007356581273,49.09701429870784,82.40994959818423,134.43092904907348,179.90598726451537,99.69558599695586,70.77546296296296,288,False,False
0.9,-110.0,124.1482948654634,50.35793172592013,78.61409866431919,140.55754985391872,179.87408253994786,99.68607305936072,71.92880275480042,288,False,False
0.925,-112.5,124.14857683338126,50.8939397590597,78.24791033899892,140.87040982889943,179.9918606612075,99.70509893455099,72.14398272350151,288,False,False
0.85,-105.0,124.16303484892855,49.59522172602898,78.65349379697169,137.9236518957882,179.9468212889292,99.70509893455099,71.81712962962962,288,False,False
1.2,-105.0,124.18762137599226,48.63278859394241,79.14244575725571,136.88006125367932,179.9724560156058,99.81925418569254,71.54706790123457,288,False,False
1.05,-70.0,124.20078534768919,49.83500534450464,83.01655423303202,134.39146095467,179.9893550620548,99.75266362252664,70.87191358024691,288,False,False
0.875,-107.5,124.22977308948902,49.84291092288501,79.02335364339505,139.14673262774608,179.98857533893363,99.67656012176559,71.88967136150235,288,False,False
0.875,-77.5,124.25134237324784,48.57768360523037,83.48974024315287,133.26896021344172,179.8719854896638,99.74790715372907,70.94692382691208,288,False,False
0.975,-70.0,124.28412151352916,49.835917539108046,84.62649855529078,133.33032702874692,179.98299156982296,99.76217656012176,70.73959963484612,288,False,False
0.85,-80.0,124.3115092134279,48.44344176810202,83.12598129606413,133.60379175488347,179.86188309389195,99.74790715372907,70.81134181633007,288,False,False
0.825,-102.5,124.38304600027814,49.37627771547382,78.71091118217461,136.80502601504986,179.85455890277308,99.67656012176559,71.75464049730482,288,False,False
1.15,-75.0,124.4051936529379,48.589689165214956,82.1904285298263,134.69101703017887,179.87014063892923,99.6622907153729,70.79475308641976,288,False,False
0.8,-87.5,124.42463369365078,48.5913630360456,82.68001517531926,135.55978615832188,179.99191757912286,99.71936834094369,71.17568838959684,288,False,False
0.8,-95.0,124.42726890108064,48.85933869039599,81.16004669283004,138.35926959893524,179.76328887026136,99.62899543378995,71.44491175447747,288,False,False
0.9,-75.0,124.49812870546361,48.94093420421133,83.92159130110237,133.02633871047394,179.9703837080429,99.80974124809741,71.06726004173187,288,False,False
1.175,-107.5,124.63795679968098,49.17265168699603,79.18879685558342,137.4137559298632,179.96550294166536,99.84303652968036,71.62422839506172,288,False,False
1.15,-110.0,124.6425143627379,49.83404427055754,78.29791523888557,138.0872636651446,179.77026214844176,99.8525494672755,71.83641975308643,288,False,False
0.825,-82.5,124.658017328567,48.47825211467144,82.94516944121207,133.89455244189716,179.95384019146962,99.76693302891934,70.93222917753434,288,False,False
1.2,-77.5,124.87894568235492,48.32585639890797,81.95416207766526,135.5519700551407,179.98563137969205,99.67656012176559,70.79475308641976,288,False,False
1.05,-115.0,124.89035810233209,51.38930979148596,79.44335226592796,140.4942573166531,179.91543787288515,99.77644596651446,72.27791905755521,288,False,False
0.8,-97.5,124.89417823493682,49.12096356290043,80.39619888288816,138.20620302372896,179.8637583574092,99.61948249619483,71.56146757085725,288,False,False
0.95,-115.0,124.91002387268139,51.66149495107415,78.83380639932221,141.24774109455794,179.89869670213903,99.73839421613394,72.3001977916884,288,False,False
0.925,-72.5,124.94717282718726,49.37238932666015,84.54908617517778,133.00520806821658,179.74037128863023,99.78595890410958,70.7971983133368,288,False,False
1.1,-112.5,125.03002120927671,50.561043116940375,79.39178652300193,139.31137230251477,179.79833189858124,99.87157534246575,72.08719135802468,288,False,False
1.075,-70.0,125.09678600368375,49.841887658445266,83.23101315990885,134.64411214829352,179.6029610431949,99.74790715372907,70.87191358024691,288,False,False
1.125,-72.5,125.10551305773662,49.12855430781819,82.72091094151544,134.5591903227038,179.9394270411367,99.6622907153729,70.79475308641976,288,False,False
1.0,-67.5,125.16587774891036,50.59831698435417,85.34257132476765,133.5219469914174,179.8175541618217,99.77644596651446,70.73959963484612,288,False,False
1.175,-75.0,125.29235779625665,48.65938986136335,82.28945124270832,135.0960025367848,179.9857226589968,99.62423896499239,70.77546296296296,288,False,False
0.9,-112.5,125.37670846982388,51.137673065857065,78.30151810182197,141.34274379135738,179.96844345571952,99.67180365296804,72.08612011575627,288,False,False
0.875,-110.0,125.38984208673696,50.56458367406267,78.72353825205296,140.4841624336448,179.94039354097367,99.61948249619483,72.04890609086618,288,False,False
0.8,-85.0,125.4109106839485,48.578108564219356,83.38644515546201,134.30066856243636,179.92615771746148,99.71936834094369,71.23682682514841,288,False,False
1.2,-107.5,125.43647406886356,49.29451014426154,79.0827006594751,137.5711197767985,179.93071390170158,99.82876712328768,71.54706790123457,288,False,False
0.85,-107.5,125.43736842582346,50.217149919924836,78.74936764482925,139.42862417085922,179.75094714118939,99.6622907153729,71.83533298556773,288,False,False
1.0,-117.5,125.6186003922161,52.38712921472937,80.94164973828174,141.7028470164047,179.84891758149274,99.65753424657534,72.43306288347368,288,False,False
0.95,-70.0,125.62035373650478,49.92593333831715,85.26796988704757,133.1371035159186,179.91235890865994,99.7431506849315,70.74557685619892,288,False,False
0.825,-105.0,125.70779874398326,50.019278879080396,78.80647815033512,138.23445254902748,179.97369794889062,99.68131659056317,71.85570987654322,288,False,False
1.125,-112.5,125.72354876490841,50.619571809898,79.08246103546435,139.28558649813633,179.92079719823835,99.8668188736682,71.99074074074073,288,False,False
1.075,-115.0,125.77289015368595,51.40936905813891,79.51212268753211,140.40341897308068,179.99103803803018,99.7574200913242,72.29748087289167,288,False,False
1.025,-67.5,125.77361273395181,50.64507604068749,84.7711028808275,134.1460280854528,179.99222644803024,99.77644596651446,70.77546296296296,288,False,False
0.8,-100.0,125.7786974584381,49.41870030863883,80.31498777326881,137.72100362487214,179.98225629136493,99.63850837138509,71.63917921106889,288,False,False
1.175,-110.0,125.79048668573495,49.937624981629696,78.7718051356127,138.28061056020155,179.99447053731762,99.85730593607306,71.73996913580247,288,False,False
0.925,-115.0,125.86300373489887,51.82953381881663,78.58141853505359,141.53341211709747,179.97141820483245,99.7431506849315,72.4154184365452,288,False,False
0.85,-77.5,125.90459617741978,48.90812796981214,84.02629970433631,133.69906622976393,179.97911467228806,99.7574200913242,70.86976333308492,288,False,False
0.825,-80.0,126.0116956829729,48.7891688457439,83.71808980323236,133.7651986245759,179.8235803739052,99.7431506849315,70.84936315423404,288,False,False
0.875,-75.0,126.1343628577385,49.149222959188776,84.73432170817826,133.21301500909445,179.84010455409094,99.78595890410958,70.88905345654172,288,False,False
1.15,-112.5,126.13775725414712,50.67237522201755,78.3570687675437,139.22829049904635,179.93941026445896,99.83828006088281,72.04562250043472,288,False,False
1.15,-72.5,126.1439805894665,49.192655073660525,83.10513575836858,134.61281763366904,179.9024242030412,99.63375190258752,70.75617283950618,288,False,False
1.1,-70.0,126.16314449391159,49.860812565303014,83.60329196446234,134.8382281608329,179.95307400979414,99.72412480974124,70.85262345679013,288,False,False
1.05,-67.5,126.30545909028288,50.63105071695268,84.24778744907027,134.5170288267891,179.93058018626198,99.76693302891934,70.73688271604938,288,False,False
1.2,-75.0,126.35451466558166,48.781315303048665,82.6898419043158,135.39467491180173,179.9063494999275,99.6099695585997,70.79475308641976,288,False,False
0.975,-67.5,126.43954159915718,50.651095754725105,85.96685146347629,133.46621398153658,179.7196808096607,99.7574200913242,70.64314901756217,288,False,False
1.025,-117.5,126.46677641982454,52.38053565160238,80.89803743097642,141.52680565588076,179.97441834294676,99.67656012176559,72.37519251310331,288,False,False
0.9,-72.5,126.5446469673182,49.5979513797816,85.27547181347498,133.2122388899844,179.97518938323134,99.78595890410958,70.87435880716397,288,False,False
1.1,-115.0,126.55098068132479,51.43267522753649,79.45656471073345,140.32577059515512,179.91155135172846,99.7431506849315,72.33606111980525,288,False,False
0.875,-112.5,126.66998726411757,51.42310622518179,78.35739014773809,141.78043143072404,179.97199268209198,99.6622907153729,72.10678422386168,288,False,False
0.8,-102.5,126.67868769529069,49.87189579684326,80.03319624852725,137.62596788649554,179.99887834315416,99.66704718417047,71.8913248006558,288,False,False
0.85,-110.0,126.70149110931351,50.92746334665526,78.59242691856083,140.6278430924028,179.95854251775654,99.6099695585997,71.93318087537571,288,False,False
0.975,-117.5,126.73597963602346,52.47958993211598,81.18166763905505,141.8175798420572,179.99790795478458,99.65753424657534,72.47907196264003,288,False,False
0.8,-82.5,126.76232474617859,48.89962318664211,84.08181380073351,134.45642478685937,179.92368246353894,99.7574200913242,71.0093896713615,288,False,False
1.2,-110.0,126.8409503077508,50.092666004595685,79.10481419635838,138.4902472755028,179.83444770773576,99.84779299847793,71.73996913580247,288,False,False
1.175,-112.5,126.95100010344657,50.752259407404466,78.33308803702963,139.37975074798612,179.8827913384855,99.78120243531203,71.98422013562859,288,False,False
0.825,-107.5,127.0450627676811,50.665683498495355,78.96776065724897,139.50643551641122,179.7672397250123,99.66704718417047,71.83641975308643,288,False,False
0.925,-70.0,127.1012788950519,50.096663363480445,85.97312324086182,133.0650470219419,179.86590354378023,99.7574200913242,70.7317205703356,288,False,False
1.125,-70.0,127.1889884373738,49.89412792053671,83.97941431330838,134.90081231552074,179.92939287519374,99.68131659056317,70.77546296296296,288,False,False
1.125,-115.0,127.21814333291863,51.43963210058515,79.20039710837753,140.3048395167857,179.9637749793692,99.71936834094369,72.19561970588967,288,False,False
1.175,-72.5,127.23160643027305,49.2966197505881,83.49417449397416,135.0016417060541,179.99337157712745,99.61948249619483,70.64043209876543,288,False,False
1.05,-117.5,127.2591531842374,52.44228575376478,80.6960914497543,141.8676774428322,179.97559818061436,99.68607305936072,72.33198574161015,288,False,False
1.075,-67.5,127.25982183222288,50.62380803291667,84.54017854346218,134.85124669319163,179.79105609897528,99.7431506849315,70.73688271604938,288,False,False
0.9,-115.0,127.45896556117992,52.030810999187956,79.35737362563917,141.9106313353899,179.99359244478745,99.68607305936072,72.28231270338078,288,False,False
1.0,-65.0,127.49282377284737,51.519316467269576,86.69322537063125,134.00675175703242,179.95834457167257,99.78595890410958,70.5276799687011,288,False,False
0.825,-77.5,127.59627148706497,49.193741734116735,84.69573870654638,133.83673741587262,179.8868855305068,99.72888127853882,70.75236915319074,288,False,False
0.85,-75.0,127.81200457214169,49.43788130292484,85.46892284152025,133.50852222558953,179.5425404464214,99.77644596651446,70.75375090046451,288,False,False
0.95,-67.5,127.86482429651795,50.754720274162366,86.64929029928595,133.3180438115812,179.95050614570664,99.7431506849315,70.4817795662866,288,False,False
0.95,-117.5,127.97749234001296,52.678480521654095,81.46370119057049,142.4925530568416,179.89030534335356,99.6622907153729,72.4997205454952,288,False,False
1.075,-117.5,127.98905628042604,52.44656511476804,80.5446621065587,141.86270212670846,179.90419629766873,99.67656012176559,72.33253688799464,288,False,False
0.8,-105.0,128.0199524907669,50.51410611555866,80.21876164344025,139.05500728642608,179.89656284818943,99.6622907153729,72.04861111111111,288,False,False
1.15,-115.0,128.04266356675924,51.56381177509916,79.07842376769341,140.38374752650157,179.96282955113702,99.73363774733637,72.15648054996647,288,False,False
0.85,-112.5,128.05306994404967,51.7652611397708,78.41577215081072,142.00933233894781,179.95527619853357,99.63850837138509,72.06984965347641,288,False,False
1.025,-65.0,128.07443011055236,51.573555175876294,86.10003358781884,134.6684796871116,179.96270144311814,99.80498477929984,70.57576943140323,288,False,False
0.8,-80.0,128.1299815029556,49.20460355326966,84.95359268887222,134.12369107338648,179.4442670209569,99.75266362252664,70.8521111235313,288,False,False
0.875,-72.5,128.23721468086848,49.86839588614715,86.07635481423063,133.51501085445585,179.91882256389636,99.80974124809741,70.77790818988002,288,False,False
1.15,-70.0,128.25201732109292,49.974280349168694,84.35947444128736,135.04894102949953,179.9180918595788,99.6622907153729,70.65972222222223,288,False,False
1.2,-72.5,128.30648246147098,49.431226656273374,83.88828237296319,135.59339266212197,179.95918375688154,99.6099695585997,70.67901234567901,288,False,False
1.2,-112.5,128.31284450201633,50.880256934814106,79.23342919333885,139.63720336009249,179.87839826030012,99.74790715372907,71.90705964180142,288,False,False
1.1,-67.5,128.32933065555326,50.66545461672889,84.91055886473886,135.19195611599227,179.9867759151606,99.71461187214612,70.7175925925926,288,False,False
0.825,-110.0,128.40001886479666,51.44767556555795,78.85210790632709,141.06098885593926,179.86617225940918,99.64326484018265,71.83940836376283,288,False,False
1.05,-65.0,128.59148954544935,51.56109727022987,85.55471664306259,134.7632208771848,179.87126953406812,99.80974124809741,70.54398148148148,288,False,False
1.1,-117.5,128.59812046401197,52.383137685859325,80.34019264163942,141.58232055311123,179.7227330010836,99.64802130898022,72.25265947537075,288,False,False
0.975,-65.0,128.623989731326,51.58487805785463,87.09672130011522,133.96162246708795,179.64246691356163,99.78120243531203,70.50811815336463,288,False,False
1.0,-120.0,128.65761932757027,53.494754557408434,83.30548270987373,142.86553446639172,179.9534741792611,99.60521308980213,72.49567621780062,288,False,False
0.9,-70.0,128.67793541429245,50.30835315423865,86.68413645570868,133.14572358419971,179.9860711655307,99.76217656012176,70.65620575303674,288,False,False
0.925,-67.5,129.15812103136267,50.90778524857723,87.01377458700401,133.42713981205168,179.9800277375469,99.75266362252664,70.38504949449785,288,False,False
1.175,-115.0,129.2216344396689,51.697244764520285,79.60455690214663,140.55558763500423,179.91004230213406,99.74790715372907,72.00351025908537,288,False,False
0.825,-75.0,129.25234648672316,49.77596684006225,85.51777369740958,133.84345052670258,179.77927189110693,99.76693302891934,70.65592629853194,288,False,False
0.875,-115.0,129.2831133362578,52.42270864172154,80.17658794776973,143.4109805942539,179.97038873614855,99.68131659056317,72.22521083289863,288,False,False
0.925,-117.5,129.3053516051209,52.88301903309833,81.79396266858753,142.89297205717799,179.98421461066835,99.68131659056317,72.46114029858161,288,False,False
1.175,-70.0,129.32889786537024,50.08139970607925,84.74364124659009,135.3348315973058,179.99591129102146,99.65753424657534,70.64043209876543,288,False,False
1.025,-120.0,129.35823208881817,53.48400511236924,83.05539255742768,142.76655294046873,179.89387196913486,99.61948249619483,72.514127977743,288,False,False
1.125,-67.5,129.3853268317314,50.73359252891369,85.28408543695673,135.46278568342467,179.98429803012152,99.6908295281583,70.6983024691358,288,False,False
0.8,-107.5,129.4745484985899,51.143509778521285,80.5290120317583,140.09929989769046,179.9499502076669,99.65277777777777,71.81712962962962,288,False,False
1.125,-117.5,129.5015855796833,52.41660918174603,80.4753662436364,141.2736943489731,179.82849551632512,99.62423896499239,72.23096293812256,288,False,False
1.075,-65.0,129.60054925707578,51.554480610121985,85.89635862376042,135.05847254819085,179.9244532267702,99.79071537290716,70.5054012345679,288,False,False
1.0,-62.5,129.69278141909913,52.535523144155846,87.72251115397637,135.1508828278172,179.8970428093866,99.80498477929984,70.5276799687011,288,False,False
0.975,-120.0,129.7702572018489,53.56153592122068,83.59554925116912,143.25112014561873,179.94853939810815,99.6099695585997,72.42286279404824,288,False,False
0.8,-77.5,129.7993443290236,49.60423365842431,86.03138881795012,134.1851998122717,179.82619207400128,99.73363774733637,70.79097268797972,288,False,False
0.95,-65.0,129.9098930607795,51.645926231216116,87.61395905999055,133.74205914704277,179.97681215355158,99.75266362252664,70.53039688749783,288,False,False
1.05,-120.0,130.03784710257224,53.4493477213156,82.83986695666542,142.5368787497706,179.84093679103546,99.62423896499239,72.49483785428622,288,False,False
0.85,-72.5,130.05178773032532,50.21014477730782,86.89567768906514,133.8610347192152,179.94294419961452,99.84303652968036,70.65619022778647,288,False,False
0.875,-70.0,130.0673268586448,50.56541349201055,86.97143270813639,133.2076669113622,179.95091563782717,99.79547184170471,70.65840257594952,288,False,False
1.2,-115.0,130.07997792230253,51.81599165443258,79.60209438744363,140.81159468228785,179.90844554965122,99.71461187214612,71.90678794992175,288,False,False
0.825,-112.5,130.22177490181667,52.31215377246436,79.48337239708844,143.36028675876145,179.93498623883397,99.65753424657534,72.07116153712397,288,False,False
1.025,-62.5,130.2319870976885,52.47814713513238,87.21762095824614,135.22199889487533,179.9853944433326,99.80974124809741,70.4700812902104,288,False,False
0.9,-67.5,130.3093534163528,51.090062338708144,87.0628482575014,133.53708920478735,179.96167190311098,99.74790715372907,70.46275337208436,288,False,False
1.15,-117.5,130.43892801920043,52.51238362182553,80.59035376815103,141.555454064528,179.85454013617584,99.63850837138509,72.11522219738183,288,False,False
1.15,-67.5,130.443344533053,50.83105437119652,85.66093286308902,135.7642031866321,179.7856418280199,99.65753424657534,70.56327160493828,288,False,False
1.2,-70.0,130.44855275643516,50.281034457779256,85.1321423832747,135.89104813083273,179.7543790769169,99.69558599695586,70.60185185185185,288,False,False
1.1,-65.0,130.62807671851144,51.57774266438734,86.26569161162868,135.3758477983357,179.89618284575045,99.7574200913242,70.44753086419753,288,False,False
0.9,-117.5,130.71029806261686,53.152697113268715,82.10994478402783,143.53962290389848,179.93511670309636,99.67180365296804,72.3068193109273,288,False,False
0.925,-65.0,130.91531053305437,51.81222673085077,87.4779003418528,134.12758407223689,179.86457550472517,99.76217656012176,70.52171827259855,288,False,False
0.85,-115.0,130.92900605687555,52.84844055153714,80.57988364981925,144.88101523655504,179.94588344820045,99.65277777777777,72.28362458702834,288,False,False
0.8,-110.0,130.93223285508657,51.87889497217264,80.7374160983978,141.57202506394864,179.96883279698346,99.64326484018265,72.01301947487394,288,False,False
1.05,-62.5,130.96295652142527,52.52491429982803,86.93458027316258,135.660357043664,179.9243015233315,99.81449771689498,70.37037037037038,288,False,False
0.975,-62.5,130.99348811483165,52.59582384156967,88.37977103736583,134.97468010097984,179.92321233462656,99.78595890410958,70.56626021561468,288,False,False
0.95,-120.0,131.0400822699918,53.73629391226869,83.93295568734801,143.53861000524935,179.99662196592067,99.61472602739725,72.41043483120947,288,False,False
1.075,-120.0,131.06397014583507,53.5667780678129,82.96146334869653,143.25944758287685,179.956256849547,99.63375190258752,72.390407258365,288,False,False
0.825,-72.5,131.30497050083858,50.54717156862862,86.66243526301682,134.37484104465577,179.90932692764102,99.83828006088281,70.54343809772213,288,False,False
0.85,-70.0,131.37634537793485,50.8383032644556,87.03673904824768,133.50542826684506,179.93306539542561,99.80498477929984,70.70618153364632,288,False,False
1.175,-117.5,131.42160715907573,52.69028684860057,80.6640042737014,141.82823826783473,179.88623671680477,99.62423896499239,71.98259774697569,288,False,False
1.175,-67.5,131.48213489645326,50.91056279582311,86.04135151568147,135.9109197369143,179.8576136326317,99.65277777777777,70.62114197530865,288,False,False
0.8,-75.0,131.4933646136273,50.15939783895484,86.92596100913983,134.29606257175146,179.91060812716728,99.77644596651446,70.67385796259036,288,False,False
0.875,-67.5,131.54316775180928,51.336060018227016,87.11648160857528,133.71810068163884,179.97069608149593,99.74790715372907,70.677964391286,288,False,False
1.125,-65.0,131.6673594322703,51.64322366572907,86.63752739156011,135.871880744217,179.8486169070788,99.73363774733637,70.5054012345679,288,False,False
0.925,-120.0,131.67319453261197,53.82223484051953,83.24982331106969,143.3868247732539,179.98958183173767,99.58618721461187,72.43854329681795,288,False,False
1.0,-122.5,131.8046339245569,54.64580981721985,85.8304763446859,143.95185964077007,179.76087795800652,99.57667427701674,72.44243237200983,288,False,False
1.1,-120.0,131.89106698208215,53.621986511698815,82.93783179948454,143.43275177988556,179.80821462096264,99.60521308980213,72.35127586506695,288,False,False
0.95,-62.5,131.9216156929296,52.69109785216487,88.25345393065814,135.09520724893756,179.96971101860976,99.79071537290716,70.62358720222569,288,False,False
0.875,-117.5,131.92265270491387,53.391310004372016,82.11049978709795,144.45682051098973,179.829426171472,99.65277777777777,72.23319081153588,288,False,False
0.9,-65.0,131.92291373842147,51.98663014972609,87.21537781210696,134.34136630928188,179.98027136272947,99.7431506849315,70.40406016344984,288,False,False
1.075,-62.5,131.93887160342982,52.5429767360832,87.18158355181193,135.99126102919374,179.94545665342912,99.81449771689498,70.35108024691357,288,False,False
1.0,-60.0,132.15960123271253,53.59513900654611,89.14845741623516,136.0951901630044,179.94434885564908,99.79071537290716,70.60511215440792,288,False,False
1.2,-117.5,132.48866025269106,52.84841257721769,80.9583823080896,142.10366950071108,179.9854735477005,99.62899543378995,71.94619103509949,288,False,False
1.025,-122.5,132.55360662682,54.663550318839306,85.55533039877015,143.79174838387485,179.93008956815777,99.59094368340944,72.398953908637,288,False,False
0.825,-115.0,132.55971750169607,53.219629771131046,80.96381013742246,145.0365413776,179.94224378681236,99.63375190258752,72.16761215440793,288,False,False
1.2,-67.5,132.56709943727827,51.0419691855264,86.42565771193765,136.00535686940609,179.89871655725017,99.67656012176559,70.56327160493828,288,False,False
1.025,-60.0,132.59085999276274,53.51653243475034,88.51882203759043,135.98271519739905,179.9298118453052,99.80022831050229,70.60511215440793,288,False,False
1.125,-120.0,132.61378468663975,53.584872896505466,82.85259525502973,143.19028598983317,179.92622257047321,99.57667427701674,72.23364104379363,288,False,False
1.15,-65.0,132.65905281012687,51.68564922594724,86.93310416343824,135.83274276063756,179.97660950061442,99.70509893455099,70.42824074074073,288,False,False
1.1,-62.5,132.74738339625378,52.561658845759304,87.16707312524122,136.17883057951946,179.88950422173417,99.80022831050229,70.29320987654322,288,False,False
0.975,-122.5,132.77575509892702,54.747828893149595,85.76620077088819,144.5904012851606,179.993164690107,99.57667427701674,72.47294725140969,288,False,False
0.925,-62.5,132.8632108279744,52.84918671180511,88.01198443011529,135.34258479730374,179.8411725337441,99.79547184170471,70.57169405320813,288,False,False
0.85,-67.5,132.8922086103749,51.64812317371005,87.17512396584794,134.00291070441338,179.9834838353188,99.77644596651446,70.71736747646372,288,False,False
0.825,-70.0,133.01997938848373,51.296077154742356,87.3703151030217,134.62905757635366,179.6382700957564,99.82401065449011,70.70047600417318,288,False,False
0.975,-60.0,133.0348162457949,53.65272678055375,89.02941419531416,135.8603919390738,179.9728149230512,99.78120243531203,70.60456877064858,288,False,False
0.9,-120.0,133.04927229580144,54.079411970872485,83.57408636514982,144.084358720859,179.89473257436947,99.61948249619483,72.43854329681795,288,False,False
0.8,-112.5,133.14548623898764,52.73439191594659,82.10050117632791,143.2235316037769,179.9082651151661,99.6622907153729,72.10974178403757,288,False,False
0.875,-65.0,133.15956514197995,52.2367294773822,87.25913106053663,134.55506922747463,179.97535011179005,99.75266362252664,70.56084190327148,288,False,False
0.8,-72.5,133.2533290866762,50.88484115923088,87.66832234855845,134.73748446960585,179.95022174604924,99.82876712328768,70.70917014432273,288,False,False
1.05,-122.5,133.35340878899422,54.65971397406344,85.49138559139227,143.851591167507,179.95881105315317,99.6099695585997,72.41768512308418,288,False,False
1.05,-60.0,133.3873449388879,53.544165385433594,88.37949024567526,136.46613826510983,179.9419575932235,99.78595890410958,70.53718918448965,288,False,False
1.15,-120.0,133.40295010486787,53.6454226734561,82.76678018957426,142.96034378027727,179.92887810953903,99.54813546423135,72.11494274287702,288,False,False
1.175,-65.0,133.49524462469932,51.80326550669446,86.9185873269053,136.35992915767977,179.88496579490845,99.70985540334856,70.52469135802468,288,False,False
1.125,-62.5,133.55323288690204,52.58054962775563,87.15465280492431,136.24807591232573,179.91748622144553,99.7431506849315,70.19675925925927,288,False,False
0.85,-117.5,133.71714709537991,53.70976457304976,82.93375477391149,145.18453389794038,179.9840084408761,99.60521308980213,72.25749559082892,288,False,False
0.95,-122.5,133.81139818436634,54.862687832152425,85.82416976744507,144.67277806300575,179.92128951655258,99.58618721461187,72.52249338759341,288,False,False
0.9,-62.5,133.85817305068403,53.00507310146064,87.76015970159135,135.4179141483933,179.9882877712713,99.77644596651446,70.49181664058425,288,False,False
1.075,-60.0,133.8991953459207,53.54340883817651,87.83968147298094,136.55367248382004,179.83246390488233,99.78120243531203,70.48611111111111,288,False,False
0.95,-60.0,133.9100580486043,53.75716935125862,88.80256985416929,135.9832098591826,179.99509417564752,99.77168949771689,70.70047600417318,288,False,False
1.0,-57.5,134.2464417505433,54.697670638136145,89.80830221706924,136.82787689587053,179.92992318691347,99.78595890410958,70.62385889410537,288,False,False
1.075,-122.5,134.26908760477153,54.785813682882186,85.43603465452512,144.71127370026838,179.96021654522178,99.62899543378995,72.3944826365601,288,False,False
1.175,-120.0,134.33515805178564,53.78412390683946,82.83172638458106,143.0935826864405,179.96908092704018,99.5671613394216,72.05734406438631,288,False,False
1.15,-62.5,134.3407424155527,52.630919444594745,87.14415749647415,136.49676816443565,179.8091757909741,99.72888127853882,70.27391975308643,288,False,False
1.2,-65.0,134.35926175643417,51.921589603220816,86.9057921772698,136.72640988268355,179.96568194694453,99.69558599695586,70.40895061728395,288,False,False
0.875,-120.0,134.49470292142485,54.324344578893,83.94259319535061,144.91321769289956,179.94684736521026,99.61948249619483,72.31045356951154,288,False,False
1.1,-60.0,134.50723508090203,53.59261058791834,87.36623527847574,136.7863374658715,179.95503626031766,99.79547184170471,70.42824074074073,288,False,False
0.8,-115.0,134.68326382829017,53.623189480467445,82.1353956724031,145.0596553175346,179.9805421636632,99.62423896499239,72.14859372283081,288,False,False
0.925,-60.0,134.8600717862742,53.898699079809504,88.56807173304483,136.15197771805936,179.97324347685185,99.77644596651446,70.56517344809599,288,False,False
0.825,-67.5,134.87056690033594,51.912670301337315,88.42111622422271,133.68794111198642,179.9084494552999,99.77644596651446,70.71415374965845,288,False,False
0.925,-122.5,134.8975334357283,54.967751105707656,85.9631464993574,144.6237858103327,179.68997967983762,99.52435312024353,72.46407187083855,288,False,False
0.85,-65.0,134.91545913692175,52.49266167046066,88.17030997382867,134.6236436425573,179.9767028646604,99.73363774733637,70.6456330576049,288,False,False
1.1,-122.5,135.0637783775705,54.80507902416179,85.38982275927906,144.9855770320024,179.9940539028073,99.59094368340944,72.41404445189657,288,False,False
0.975,-57.5,135.08326095152017,54.78344515618011,89.5902721049953,137.06485425436097,179.88982756314562,99.77644596651446,70.66243914101895,288,False,False
1.025,-57.5,135.09878521583693,54.62290794786719,89.92220684500937,136.63516345595585,179.96865265104623,99.77644596651446,70.60484046252826,288,False,False
1.0,-125.0,135.15463148430166,55.93504930080206,88.43344590733845,146.13279409020035,179.95702988215555,99.54337899543378,72.6365665139522,288,False,False
0.8,-70.0,135.159307008456,51.560711466751755,88.79995962141894,134.1861619175223,179.88114013617894,99.78595890410958,70.79920107062125,288,False,False
1.175,-62.5,135.21253449688572,52.75842367914355,87.13543714312442,136.86415648063078,179.85700883669438,99.70985540334856,70.3125,288,False,False
0.825,-117.5,135.2369183435885,54.10532178533639,83.09258867393063,145.80964427656784,179.932240915031,99.61948249619483,72.1988023821944,288,False,False
1.2,-120.0,135.29559088811754,54.031378453890596,82.78800109226746,143.64584350901828,179.95635090569334,99.65277777777777,71.9844995901334,288,False,False
1.125,-60.0,135.3066450160137,53.610848677126654,87.36004398044052,136.97860279586578,179.97054512985557,99.75266362252664,70.40895061728395,288,False,False
0.875,-62.5,135.32538283039514,53.25882549035431,88.24116153485917,135.75343028746576,179.73931027103168,99.75266362252664,70.49154494870457,288,False,False
0.85,-120.0,135.82350114156773,54.62403805975891,83.9807127125809,145.5749263439436,179.9077278087404,99.55764840182648,72.25342190016103,288,False,False
1.125,-122.5,135.86117460236827,54.907104383966086,85.20363522699284,145.3825086019719,179.97146526399143,99.56240487062405,72.21706783913356,288,False,False
1.05,-57.5,135.8774402328567,54.639436491982146,89.79607011487387,137.02189529174655,179.9609520385161,99.79071537290716,70.6529299252304,288,False,False
1.025,-125.0,135.92240718483828,56.02493750386203,88.0822403358518,146.43702002522295,179.9880554853234,99.57191780821918,72.542383933229,288,False,False
0.95,-57.5,135.96485163389428,54.87816329111494,89.36969863978834,136.78353042330292,179.9047838753183,99.7574200913242,70.62331551034602,288,False,False
1.2,-62.5,136.08349011194787,52.878317852502285,87.12835518728193,137.24364937534068,179.9723513408511,99.70034246575342,70.21604938271605,288,False,False
0.9,-122.5,136.128961598929,55.12171210687621,86.1405423044517,145.21444883743683,179.9032694871695,99.5291095890411,72.44040358709995,288,False,False
1.15,-60.0,136.13367474058214,53.66832346644219,87.35568044163892,137.2270773730794,179.94350658836606,99.72888127853882,70.29320987654322,288,False,False
0.9,-60.0,136.17128435554324,54.12658373317231,88.80736535972676,136.4724151155756,179.9713981206399,99.78595890410958,70.56517344809599,288,False,False
0.975,-125.0,136.3501240977699,56.0344673387452,88.8306250603679,146.54354377949792,179.96196234339743,99.53386605783867,72.66253249502383,288,False,False
1.075,-57.5,136.38110149979465,54.63972579828117,89.20617751338985,137.14900914158213,179.9719007459413,99.77644596651446,70.56327160493828,288,False,False
1.0,-55.0,136.5157162774292,55.8435140930011,90.71800640030773,137.26602806070483,179.9944134616482,99.77168949771689,70.72030951138932,288,False,False
1.15,-122.5,136.70660146430032,54.91452364478417,85.32946074073361,145.2109156092033,179.89868806029415,99.53386605783867,72.07795383411582,288,False,False
1.05,-125.0,136.70859014629337,55.9441529904203,88.11714959290575,145.50756146387272,179.9893651895777,99.5671613394216,72.43862868569441,288,False,False
0.8,-117.5,136.75438859163197,54.45775820182201,83.25767279545374,145.86874717721446,179.99393134728825,99.62423896499239,72.22162450008695,288,False,False
1.1,-57.5,136.9146249152531,54.678254146260585,88.65545337955595,137.51297439885394,179.98093975348544,99.77168949771689,70.58256172839506,288,False,False
1.175,-60.0,136.9819109925693,53.76414157975962,87.35299906088642,137.51538693597126,179.96711303053928,99.72412480974124,70.25462962962962,288,False,False
0.825,-65.0,136.98746996134994,52.781752809486264,89.5290995222618,134.7001685169283,179.99321416509173,99.69558599695586,70.68157401197307,288,False,False
0.8,-67.5,137.03012300826472,52.34474978990776,89.5857191454151,134.76442182019622,179.97687422018407,99.78120243531203,70.61798258687931,288,False,False
0.925,-57.5,137.05195981429017,55.056152446822225,89.30286490925727,136.78646779989455,179.96894520903032,99.76217656012176,70.50703138584593,288,False,False
0.825,-120.0,137.0573457809465,54.99492009844977,83.66872608434801,146.0378121712048,179.95092915656747,99.57191780821918,72.33169278688773,288,False,False
0.85,-62.5,137.05852621269906,53.39640785082568,89.32628774387261,134.96242631373772,179.96721210070416,99.69558599695586,70.84891292197631,288,False,False
0.975,-55.0,137.27136109355973,55.95333018986009,90.33854952311842,137.39563568498733,179.7207137869641,99.78595890410958,70.64287732568249,288,False,False
1.125,-57.5,137.43506637403942,54.685732655483086,88.1409648203518,137.561552810133,179.99461964993407,99.72412480974124,70.44753086419753,288,False,False
0.95,-125.0,137.4780098142846,56.07490694291572,89.21756615430418,146.21428648447852,179.65217996956832,99.48154490106545,72.5693168673879,288,False,False
1.025,-55.0,137.52779567553378,55.785606251051234,91.09555619289773,137.22518825154523,179.95091813714566,99.74790715372907,70.62385889410537,288,False,False
0.875,-122.5,137.54220612864012,55.43774828930021,86.35383298253883,145.89189795446606,179.87969002860657,99.56240487062405,72.40068862704184,288,False,False
1.075,-125.0,137.5533149450734,56.09161857134804,87.8962266930002,146.75780485530478,179.97871196267954,99.60045662100457,72.41350883076235,288,False,False
1.175,-122.5,137.7018834060804,55.136480687610344,85.3646504294462,145.5196867994073,179.95826171414484,99.5671613394216,72.08175752043124,288,False,False
0.875,-60.0,137.80750059289414,54.36312548466478,89.61541450495359,136.57480080999568,179.88778861942762,99.74790715372907,70.69993262041385,288,False,False
1.2,-60.0,137.8127725059196,53.863691566309235,87.35186726803587,137.8918800890349,179.97097684453,99.70034246575342,70.25462962962962,288,False,False
1.15,-57.5,138.01417851814574,54.75439576838352,87.66009669988715,137.70655954049147,179.97626947112803,99.68607305936072,70.3125,288,False,False
1.05,-55.0,138.07832892015546,55.714927123156954,90.7031210696357,137.182424684171,179.93354441130532,99.69558599695586,70.60484046252826,288,False,False
0.95,-55.0,138.25038502305432,56.10894126249082,90.14540962989209,137.45645325383347,179.8499086513411,99.78595890410958,70.52632150930273,288,False,False
1.1,-125.0,138.26281868222247,56.11234686183192,87.69665350292372,146.9305658875561,179.98205155280027,99.58618721461187,72.41948605211516,288,False,False
1.2,-122.5,138.457984880051,55.20274674977038,85.3147591695773,145.17440664194842,179.82323720103506,99.595700152207,72.06167560921082,288,False,False
0.9,-57.5,138.60609507657037,55.249462543244405,90.05026887145885,136.95039125571222,179.99896320659354,99.76693302891934,70.56490175621632,288,False,False
0.925,-125.0,138.62206210794653,56.18851876050104,89.32786868574563,146.38235341458613,179.9664992637946,99.4625190258752,72.51425722247349,288,False,False
1.175,-57.5,138.78042318114757,54.81806508632496,87.57106913830796,137.94975829762595,179.9802726286789,99.65753424657534,70.27391975308643,288,False,False
1.075,-55.0,138.93953581768744,55.80496867678779,90.61323187750622,137.76472961608158,179.90842180241214,99.6908295281583,70.54398148148148,288,False,False
0.8,-120.0,138.9599167283495,55.38147395861501,84.47706399842173,146.30353569805123,179.95806595158058,99.54813546423135,72.31711384231632,288,False,False
0.85,-122.5,138.99631634690948,55.74385717752166,86.59010005491906,146.50482758408586,179.87083877144812,99.55289193302892,72.28082456248018,288,False,False
0.8,-65.0,139.01833765782743,53.20763500379156,90.50143452524951,135.42399058417956,179.96850220141062,99.70985540334856,70.64107639665151,288,False,False
1.125,-125.0,139.05185091072917,56.21760701432589,87.51672548394363,147.4218080608322,179.96791221618884,99.55764840182648,72.3830638149887,288,False,False
0.825,-62.5,139.10210782854438,53.74663294519778,90.49417188078671,135.67183749021672,179.975330035392,99.67180365296804,70.72043371339146,288,False,False
0.85,-60.0,139.40741097088397,54.5346647068271,90.4308849708122,136.17422927005225,179.79648064354598,99.6908295281583,70.86304089971931,288,False,False
1.1,-55.0,139.42150880841965,55.79175285101652,90.0470442383436,137.9585420686681,179.89349916729907,99.64326484018265,70.44753086419753,288,False,False
0.925,-55.0,139.49699529541945,56.26099594751786,90.46422912805308,137.36603477887678,179.78870081271054,99.77644596651446,70.52632150930273,288,False,False
1.2,-57.5,139.595782546893,54.897058901137456,87.57611779334161,138.28266343018518,179.99792625763575,99.65277777777777,70.27391975308643,288,False,False
0.9,-125.0,139.87017191333493,56.422091707491205,89.4446889127563,146.76775570527172,179.90545177927658,99.49105783866058,72.45752154539437,288,False,False
1.125,-55.0,139.96968994373995,55.83239902911977,89.51673071581563,138.10082706968004,179.95055197897307,99.62423896499239,70.33179012345678,288,False,False
0.875,-57.5,140.07058945846322,55.48566519590737,90.5268173944561,137.1036579671623,179.97461812283404,99.7431506849315,70.66135237350026,288,False,False
1.15,-125.0,140.087016179207,56.36266750265572,87.72292578299499,148.07214328655314,179.97720172006962,99.56240487062405,72.26351938793253,288,False,False
1.15,-55.0,140.51157919303782,55.866347922348616,89.01973420956558,138.28839500065652,179.96914283932858,99.60521308980213,70.17746913580247,288,False,False
0.825,-122.5,140.52051030896098,56.0982022750646,86.83552955922893,146.9565018482502,179.85357318535637,99.51008371385085,72.28346121928291,288,False,False
0.9,-55.0,140.88271741422923,56.46127107894889,90.84574885747256,137.6560139822921,179.97012938824162,99.77644596651446,70.50730307772561,288,False,False
0.8,-62.5,141.04049648248767,54.132525918555565,91.36217110695254,136.0251599220877,179.9364168053723,99.65277777777777,70.61394602180988,288,False,False
0.875,-125.0,141.1922320240376,56.68880776128663,89.56878049128743,147.1178744461307,179.98759920400857,99.49581430745815,72.4727267015309,288,False,False
1.175,-55.0,141.20679110786824,55.93036407626784,88.84103687138499,138.59393876458404,179.82145281082092,99.60521308980213,70.17746913580247,288,False,False
1.175,-125.0,141.21815196225984,56.46880540074335,88.1899988523568,147.96940970530838,179.99315450419965,99.54813546423135,72.07360676404103,288,False,False
0.825,-60.0,141.3680411075746,54.82618896703704,91.5261489045226,136.35379747354796,179.92584325219116,99.67180365296804,70.7231506321882,288,False,False
0.85,-57.5,141.90566028349951,55.6690944926484,91.7663979602342,136.58934247413234,179.87477389312937,99.68607305936072,70.91411897309784,288,False,False
1.2,-55.0,141.98943302179308,55.989906492186975,88.80213163576155,138.89562115162514,179.84963581649242,99.595700152207,70.08101851851852,288,False,False
1.2,-125.0,142.10527112446505,56.68939345497214,88.07330762232398,148.71961219933263,179.96396151520128,99.54337899543378,72.04616588419405,288,False,False
0.875,-55.0,142.41071896426985,56.56300399403079,91.68875768851817,136.90962078190287,179.87960773939585,99.7431506849315,70.5601044538838,288,False,False
0.8,-122.5,142.42576791619075,56.465511508909294,87.68649301442936,147.27570713281867,179.94331883447302,99.50532724505327,72.38314051435943,288,False,False
0.85,-125.0,142.60984612791657,57.03211194040936,89.70085672293749,147.72334668120632,179.89291007363852,99.53862252663622,72.41372161801601,288,False,False
0.8,-60.0,143.1760989940859,55.21892244053946,92.10449234690569,136.91378813565714,179.99531906412386,99.66704718417047,70.52533565591077,288,False,False
0.825,-57.5,143.62781690854436,56.066648882385955,92.24854654889876,137.2434937375933,179.97958453199578,99.6908295281583,70.8176683558139,288,False,False
0.825,-125.0,144.02430760611205,57.32394662735002,89.84156783725241,147.94608284735656,179.94776591834523,99.49581430745815,72.39917357934229,288,False,False
0.85,-55.0,144.15068424449552,56.852697511194705,92.47980791881945,137.33837743475885,179.9742029352164,99.68131659056317,70.59297917132425,288,False,False
0.8,-57.5,145.4231402289283,56.40216866453858,92.95362911407477,137.84781939827408,179.8044371764522,99.65277777777777,70.57857950170157,288,False,False
0.8,-125.0,145.47635497664322,57.61298546571461,89.99148751688867,148.23033709615854,179.9975228152561,99.41019786910198,72.34452401835404,288,False,False
0.825,-55.0,145.85680913640783,57.14860631938227,93.20161760661286,137.82879587360753,179.80699414651843,99.64326484018265,70.63210280199718,288,False,False
0.8,-55.0,147.98801840729234,57.60792108547101,94.26056201248738,138.78794836623015,179.99204132741897,99.68607305936072,70.65057784981494,288,False,False
